/*
SQLyog 企业版 - MySQL GUI v8.14 
MySQL - 5.6.26 : Database - hellomarker
*********************************************************************
*/

/*!40101 SET NAMES utf8 */;

/*!40101 SET SQL_MODE=''*/;

/*!40014 SET @OLD_UNIQUE_CHECKS=@@UNIQUE_CHECKS, UNIQUE_CHECKS=0 */;
/*!40014 SET @OLD_FOREIGN_KEY_CHECKS=@@FOREIGN_KEY_CHECKS, FOREIGN_KEY_CHECKS=0 */;
/*!40101 SET @OLD_SQL_MODE=@@SQL_MODE, SQL_MODE='NO_AUTO_VALUE_ON_ZERO' */;
/*!40111 SET @OLD_SQL_NOTES=@@SQL_NOTES, SQL_NOTES=0 */;
CREATE DATABASE /*!32312 IF NOT EXISTS*/`hellomarker` /*!40100 DEFAULT CHARACTER SET utf8 */;

USE `hellomarker`;

/*Table structure for table `mk_account` */

DROP TABLE IF EXISTS `mk_account`;

CREATE TABLE `mk_account` (
  `accountid` int(255) unsigned NOT NULL AUTO_INCREMENT,
  `typeid` int(255) NOT NULL,
  `accountname` varchar(255) NOT NULL,
  `accountmoney` int(255) NOT NULL,
  `accounttime` varchar(255) NOT NULL,
  `userid` int(255) NOT NULL,
  `notetime` varchar(255) NOT NULL,
  `accountdate` varchar(255) NOT NULL,
  `accountother` varchar(255) NOT NULL,
  PRIMARY KEY (`accountid`)
) ENGINE=InnoDB AUTO_INCREMENT=82 DEFAULT CHARSET=utf8;

/*Data for the table `mk_account` */

insert  into `mk_account`(`accountid`,`typeid`,`accountname`,`accountmoney`,`accounttime`,`userid`,`notetime`,`accountdate`,`accountother`) values (1,1,'阿斯顿',1,'1456675200 ',1,'1995-1-1','2016-02-29','暂无'),(3,3,'部分',1,'1456675200 ',1,'1995-1-1','2016-02-29','暂无'),(4,4,'三月1',12,'1456761600',1,'1995-3-1','2016-03-01','暂无'),(5,5,'二月底',1,'1456675200',1,'1995-1-1','2016-02-29','暂无'),(6,6,'四月初',1,'1459440000',1,'1995-1-1','2016-04-01','暂无'),(7,7,'三月底',23,'1459353600',1,'1995-2-2','2016-03-31','暂无'),(8,8,'别年',1,'1451491200',1,'1996-3-3','2015-12-31','暂无'),(10,4,'现在二',21,'1457539200',1,'1995-01-10','2016-03-10','暂无'),(11,2,'现在三',8,'1457539200',1,'1995-04-03','2016-03-10','暂无'),(41,1,'1457539200',12,'1457539200',1,'1457539200','1457539200','1457539200'),(51,11,'1457539200',12,'1457539200',1,'1457539200','1457539200','1457539200'),(52,12,'1457539200',12,'1457539200',1,'1457539200','1457539200','1457539200'),(53,12,'1111',45,'1457625600',1,'1457625600','1457625600','1457625600'),(55,1,'2015一月',23,'1420041600',1,'2015-1-1','2015-1-1','1420041600'),(56,3,'20152',34,'1420041600',1,'2015-1-1','2015-1-1','1420041600'),(57,4,'20153',23,'1448899200',1,'2015-12-12','2015-12-12','1448899200'),(58,1,' 阿斯顿撒旦',65,'1457971200',1,'2016-03-15','2016-03-15','暂无相关备注!'),(59,1,'新纪录2',25,'1457971200',1,'2016-03-15','2016-03-15','暂无相关备注!'),(62,1,'才',65,'1444060800',1,'2016-03-15','2015-10-06','暂无相关备注!'),(63,9,'吃饭',119,'1458144000',1,'2016-03-16','2016-03-17','暂无相关备注!'),(68,1,'asd ',58,'1459440000',1,'2016-03-16','2016-04-01','暂无相关备注!'),(71,1,'asd ',65,'1458662400',1,'2016-03-16','2016-03-23','暂无相关备注!'),(72,1,'asd ',65,'1458662400',1,'2016-03-16','2016-03-23','暂无相关备注!'),(73,1,'asd ',65,'1458662400',1,'2016-03-16','2016-03-23','暂无相关备注!'),(74,1,'啊实打实',36,'1458748800',1,'2016-03-16','2016-03-24','暂无相关备注!'),(75,1,'啊实打实',36,'1458748800',1,'2016-03-16','2016-03-24','暂无相关备注!'),(81,1,'asd',33,'1458057600',1,'2016-03-16','2016-03-16','暂无相关备注!');

/*Table structure for table `mk_account_budget` */

DROP TABLE IF EXISTS `mk_account_budget`;

CREATE TABLE `mk_account_budget` (
  `budgetid` int(255) unsigned NOT NULL AUTO_INCREMENT,
  `budgetmoney` bigint(255) unsigned NOT NULL,
  `userid` int(255) NOT NULL,
  PRIMARY KEY (`budgetid`)
) ENGINE=InnoDB AUTO_INCREMENT=3 DEFAULT CHARSET=utf8;

/*Data for the table `mk_account_budget` */

insert  into `mk_account_budget`(`budgetid`,`budgetmoney`,`userid`) values (1,1500,1),(2,200,2);

/*Table structure for table `mk_account_type` */

DROP TABLE IF EXISTS `mk_account_type`;

CREATE TABLE `mk_account_type` (
  `typeid` int(255) unsigned NOT NULL AUTO_INCREMENT,
  `typename` varchar(255) NOT NULL,
  PRIMARY KEY (`typeid`)
) ENGINE=InnoDB AUTO_INCREMENT=13 DEFAULT CHARSET=utf8;

/*Data for the table `mk_account_type` */

insert  into `mk_account_type`(`typeid`,`typename`) values (1,'一日三餐'),(2,'零食水果'),(3,'日常用品'),(4,'交通出行'),(5,'医疗保健'),(6,'各种娱乐'),(7,'美容美发'),(8,'酒水饮料'),(9,'数码科技'),(10,'水电煤气'),(11,'鞋帽服装'),(12,'其他花销');

/*Table structure for table `mk_admin` */

DROP TABLE IF EXISTS `mk_admin`;

CREATE TABLE `mk_admin` (
  `adminid` int(255) unsigned NOT NULL AUTO_INCREMENT,
  `adminname` varchar(255) NOT NULL,
  `adminpassword` varchar(255) NOT NULL,
  `admingrade` int(11) NOT NULL DEFAULT '0',
  PRIMARY KEY (`adminid`)
) ENGINE=MyISAM AUTO_INCREMENT=2 DEFAULT CHARSET=utf8 CHECKSUM=1 DELAY_KEY_WRITE=1 ROW_FORMAT=DYNAMIC;

/*Data for the table `mk_admin` */

insert  into `mk_admin`(`adminid`,`adminname`,`adminpassword`,`admingrade`) values (1,'postbird','e10adc3949ba59abbe56e057f20f883e',3);

/*Table structure for table `mk_article` */

DROP TABLE IF EXISTS `mk_article`;

CREATE TABLE `mk_article` (
  `articleid` int(255) unsigned NOT NULL AUTO_INCREMENT,
  `articlename` varchar(255) NOT NULL,
  `articlecontent` text NOT NULL,
  `articletime` varchar(255) NOT NULL,
  `articletop` int(1) NOT NULL DEFAULT '0',
  `articleabout` text NOT NULL,
  `articleimg` varchar(255) NOT NULL,
  `articlebanner` varchar(255) NOT NULL,
  `articlefrom` varchar(255) NOT NULL,
  PRIMARY KEY (`articleid`)
) ENGINE=InnoDB AUTO_INCREMENT=7 DEFAULT CHARSET=utf8;

/*Data for the table `mk_article` */

insert  into `mk_article`(`articleid`,`articlename`,`articlecontent`,`articletime`,`articletop`,`articleabout`,`articleimg`,`articlebanner`,`articlefrom`) values (1,'「 HelloMarker 」 这是一则关于我的故事','&lt;h2&gt;\r\n	介绍下自己和所做的工作吧\r\n&lt;/h2&gt;\r\n&lt;p&gt;\r\n	Hello，大家好，我叫蜜儿，是一名两性专栏作家。很高兴能在 一早一晚 跟大家认识。我有成立自己的工作室，叫 &lt;a href=&quot;http://weixin.sogou.com/gzh?openid=oIWsFtwh8Xr-xTVgl_PtKX-hCC1A&amp;amp;ext=7muVIkIDeYuaN952g0W_ExRzb_aVwoxpoCC015SrkKiD4ne5fkbjmV83wpeCgNsZ&quot;&gt;蜜之私语&lt;/a&gt;。除了支持我自己的自媒体品牌之外，还通过一些包括小说，软文，剧本等在内形式跟外部一些平台进行跨界合作。\r\n&lt;/p&gt;\r\n&lt;h2&gt;\r\n	说说两性吧，这确实是个男人女人都感兴趣的话题\r\n&lt;/h2&gt;\r\n&lt;p&gt;\r\n	其实，写两性这一块，我自己也挺意外的。在此之前，我并没有接触过这个领域。像现在大家都知道的李银河，木子美，冯唐，我也是后来我的粉丝们告诉我，我才知道的她们。\r\n&lt;/p&gt;\r\n&lt;p&gt;\r\n	一\r\n开始大家知道我，其实是通过我写的一部性爱小说。最初是因为当时社会上的诸如小朋友的堕胎，社会上的感情诈骗日渐增多，让我觉得国内的性教育其实还是相当\r\n的匮乏。我有一个读初中的表妹，跟她聊的时候，她告诉我她的学校在这一块几乎是空白。让我很是惊讶。距离我上初中已经十几块二十年了，学校的性教育还是不\r\n受重视。\r\n&lt;/p&gt;\r\n&lt;p&gt;\r\n	我记得我写的第一篇文章是关于意外怀孕的，写一个女孩子因为没有采取避孕措施，导致怀孕，去堕胎，后来造成一系列的影响。是个挺让人痛心的故事。把它写出来是希望更多人的能得到警示。尤其是年轻的女孩子，在性这一块，对自己的保护意识要加强。\r\n&lt;/p&gt;\r\n&lt;h2&gt;\r\n	问一个很多人都想问，应该也问了很多遍的问题——你为什么写两性？\r\n&lt;/h2&gt;\r\n&lt;p&gt;\r\n	中\r\n国在这方面是一个很奇怪甚至可笑的现状。大街上各种无痛人流，男科妇科的广告堂而皇之，相比之前，宣传避孕甚至避孕套的广告少的可怜。好像就再告诉年轻的\r\n小朋友，没关系没关系，你怀孕了，得病了，到医院一躺，不痛无伤害，睡一觉就都没了。难道不应该先是提示并教会孩子们先要学着如何保护自己么？\r\n&lt;/p&gt;\r\n&lt;p&gt;\r\n	还\r\n有，国人对性的态度，的确是越来越开放，这点由性用品行业的火热就可以窥见。但在我看来，这种开放是比较畸形的，并非是思想观念上的转变，而是身体上的开\r\n闸泄洪。很多男女双方对性其实也没有一个正确的认知。尤其是女性在性这方面的羞于表达，缺乏互动等等，很多问题让身为女性的我慢慢有了写两性的想法。然后\r\n就可以动笔写了很多的文章，小说来阐述自己的思考和想法。只不过我的每部小说都是针对社会上现存的一些热点问题去写，比如婚外情，出轨，约炮，甚至换妻\r\n等。其实这些都是现今社会暗藏的问题，只不过是我把它抛出来而已。\r\n&lt;/p&gt;\r\n&lt;p&gt;\r\n	讲个有趣的事情，可能是因为我是女性的关系，小说中情色部门的描写相对细\r\n腻一些，很多读者开玩笑说我的小说可以治愈阳痿。很多读者都是慢慢由我的作品开始认识我熟悉我，然后喜欢我。其实我从来不觉得自己写的是色情，文中的情色\r\n环节，只是我想希望通过对男女在性爱过程中的心理状态，来增强男女在现实生活中的彼此了解，避免很多的误会和不快。做爱这件事情，是人之本能，无需忌讳。\r\n我是想通过文字去坦然的谈论这些话题，能让更多的人去直面这其中的问题，不觉得性是一件拿不上台面的事情。性，当然也有它低俗的部分，但我倡导大家用一种\r\n客观态度去接受并享受它。我后来做社群，包括成立自己的工作室，也是想通过更多的力量和行为，去倡导人们对性的正确认知。\r\n&lt;/p&gt;\r\n&lt;h2&gt;\r\n	都说写作是源自生活而高于生活，你写的这些是源自自身经验还是？\r\n&lt;/h2&gt;\r\n&lt;p&gt;\r\n	我\r\n作品中的情色环节，有来自身的经验，有想象的部分，还有很多都是源自我的粉丝们的真实故事。很多人都觉得我对这方面的描写太过逼真，以为我就跟木子美一\r\n样，有着比较丰富的性经验，其实不是。不过，奇妙的是，这些凭想象杜撰出来的情境，反而在真实生活有发生。之前有写过一边如何利用抱枕来增加性爱情趣的文\r\n章，很多分析后来有去体验，还反馈说效果很赞。包括我后来做的一些音频，也是引导大家利用生活中的一些场景和物件，来增加性爱乃至生活的情趣。这种情趣的\r\n累积会提高性生活的质量，也是身心的一种平衡，这是我的理解。\r\n&lt;/p&gt;\r\n&lt;h2&gt;\r\n	为什么文章是发布在微店里，而不是微信个人公众号？\r\n&lt;/h2&gt;\r\n&lt;p&gt;\r\n	这个得给大家解释下。是因为现实中，还是有部分人认为我写的东西是色情，之前是用微信公众号的，被举报封禁过2次。后来就没用了，就写在微店上，图个清静，比较保险吧\r\n&lt;/p&gt;\r\n&lt;h2&gt;\r\n	感觉读者跟你的互动还是蛮频繁的，有无令你印象深刻的读者？\r\n&lt;/h2&gt;\r\n&lt;p&gt;\r\n	互动确实挺多的。大部分的读者都能提供给我写作的灵感和源泉，印象深刻的是，有一个女孩子，给我讲述她因为好奇心体验3P,群P时候经历的种种，还是很令人心痛的，当时真的想去抱抱她，给她温暖。\r\n&lt;/p&gt;','2016-1-1',1,'我有酒，你有肉麻我有酒，你有肉麻我有酒，你有肉麻我有酒，你有肉麻我有酒，你有肉麻我有酒，你有肉麻我有酒，你有肉麻我有酒，你有肉麻我有酒，你有肉麻我有酒，你有肉麻我有酒，你有肉麻我有酒，你有肉麻我有酒，你有肉麻我有酒，你有肉麻我有酒，你有肉麻我有酒，你有肉麻我有酒，你有肉麻我有酒，你有肉麻我有酒，你有肉麻\r\n\n我有酒，你有肉麻\r\n我有酒，你有肉麻\n\n我有酒，你有肉麻\r\n\n我有酒，你有肉麻\n我有酒，你有肉麻\r\n\n我有酒，你有肉麻','article.jpg','article.jpg','postbird'),(2,'我有酒，你有肉麻','&lt;h2&gt;\r\n	介绍下自己和所做的工作吧\r\n&lt;/h2&gt;\r\n&lt;p&gt;\r\n	Hello，大家好，我叫蜜儿，是一名两性专栏作家。很高兴能在 一早一晚 跟大家认识。我有成立自己的工作室，叫 &lt;a href=&quot;http://weixin.sogou.com/gzh?openid=oIWsFtwh8Xr-xTVgl_PtKX-hCC1A&amp;amp;ext=7muVIkIDeYuaN952g0W_ExRzb_aVwoxpoCC015SrkKiD4ne5fkbjmV83wpeCgNsZ&quot;&gt;蜜之私语&lt;/a&gt;。除了支持我自己的自媒体品牌之外，还通过一些包括小说，软文，剧本等在内形式跟外部一些平台进行跨界合作。\r\n&lt;/p&gt;\r\n&lt;h2&gt;\r\n	说说两性吧，这确实是个男人女人都感兴趣的话题\r\n&lt;/h2&gt;\r\n&lt;p&gt;\r\n	其实，写两性这一块，我自己也挺意外的。在此之前，我并没有接触过这个领域。像现在大家都知道的李银河，木子美，冯唐，我也是后来我的粉丝们告诉我，我才知道的她们。\r\n&lt;/p&gt;\r\n&lt;p&gt;\r\n	一\r\n开始大家知道我，其实是通过我写的一部性爱小说。最初是因为当时社会上的诸如小朋友的堕胎，社会上的感情诈骗日渐增多，让我觉得国内的性教育其实还是相当\r\n的匮乏。我有一个读初中的表妹，跟她聊的时候，她告诉我她的学校在这一块几乎是空白。让我很是惊讶。距离我上初中已经十几块二十年了，学校的性教育还是不\r\n受重视。\r\n&lt;/p&gt;\r\n&lt;p&gt;\r\n	我记得我写的第一篇文章是关于意外怀孕的，写一个女孩子因为没有采取避孕措施，导致怀孕，去堕胎，后来造成一系列的影响。是个挺让人痛心的故事。把它写出来是希望更多人的能得到警示。尤其是年轻的女孩子，在性这一块，对自己的保护意识要加强。\r\n&lt;/p&gt;\r\n&lt;h2&gt;\r\n	问一个很多人都想问，应该也问了很多遍的问题——你为什么写两性？\r\n&lt;/h2&gt;\r\n&lt;p&gt;\r\n	中\r\n国在这方面是一个很奇怪甚至可笑的现状。大街上各种无痛人流，男科妇科的广告堂而皇之，相比之前，宣传避孕甚至避孕套的广告少的可怜。好像就再告诉年轻的\r\n小朋友，没关系没关系，你怀孕了，得病了，到医院一躺，不痛无伤害，睡一觉就都没了。难道不应该先是提示并教会孩子们先要学着如何保护自己么？\r\n&lt;/p&gt;\r\n&lt;p&gt;\r\n	还\r\n有，国人对性的态度，的确是越来越开放，这点由性用品行业的火热就可以窥见。但在我看来，这种开放是比较畸形的，并非是思想观念上的转变，而是身体上的开\r\n闸泄洪。很多男女双方对性其实也没有一个正确的认知。尤其是女性在性这方面的羞于表达，缺乏互动等等，很多问题让身为女性的我慢慢有了写两性的想法。然后\r\n就可以动笔写了很多的文章，小说来阐述自己的思考和想法。只不过我的每部小说都是针对社会上现存的一些热点问题去写，比如婚外情，出轨，约炮，甚至换妻\r\n等。其实这些都是现今社会暗藏的问题，只不过是我把它抛出来而已。\r\n&lt;/p&gt;\r\n&lt;p&gt;\r\n	讲个有趣的事情，可能是因为我是女性的关系，小说中情色部门的描写相对细\r\n腻一些，很多读者开玩笑说我的小说可以治愈阳痿。很多读者都是慢慢由我的作品开始认识我熟悉我，然后喜欢我。其实我从来不觉得自己写的是色情，文中的情色\r\n环节，只是我想希望通过对男女在性爱过程中的心理状态，来增强男女在现实生活中的彼此了解，避免很多的误会和不快。做爱这件事情，是人之本能，无需忌讳。\r\n我是想通过文字去坦然的谈论这些话题，能让更多的人去直面这其中的问题，不觉得性是一件拿不上台面的事情。性，当然也有它低俗的部分，但我倡导大家用一种\r\n客观态度去接受并享受它。我后来做社群，包括成立自己的工作室，也是想通过更多的力量和行为，去倡导人们对性的正确认知。\r\n&lt;/p&gt;\r\n&lt;h2&gt;\r\n	都说写作是源自生活而高于生活，你写的这些是源自自身经验还是？\r\n&lt;/h2&gt;\r\n&lt;p&gt;\r\n	我\r\n作品中的情色环节，有来自身的经验，有想象的部分，还有很多都是源自我的粉丝们的真实故事。很多人都觉得我对这方面的描写太过逼真，以为我就跟木子美一\r\n样，有着比较丰富的性经验，其实不是。不过，奇妙的是，这些凭想象杜撰出来的情境，反而在真实生活有发生。之前有写过一边如何利用抱枕来增加性爱情趣的文\r\n章，很多分析后来有去体验，还反馈说效果很赞。包括我后来做的一些音频，也是引导大家利用生活中的一些场景和物件，来增加性爱乃至生活的情趣。这种情趣的\r\n累积会提高性生活的质量，也是身心的一种平衡，这是我的理解。\r\n&lt;/p&gt;\r\n&lt;h2&gt;\r\n	为什么文章是发布在微店里，而不是微信个人公众号？\r\n&lt;/h2&gt;\r\n&lt;p&gt;\r\n	这个得给大家解释下。是因为现实中，还是有部分人认为我写的东西是色情，之前是用微信公众号的，被举报封禁过2次。后来就没用了，就写在微店上，图个清静，比较保险吧\r\n&lt;/p&gt;\r\n&lt;h2&gt;\r\n	感觉读者跟你的互动还是蛮频繁的，有无令你印象深刻的读者？\r\n&lt;/h2&gt;\r\n&lt;p&gt;\r\n	互动确实挺多的。大部分的读者都能提供给我写作的灵感和源泉，印象深刻的是，有一个女孩子，给我讲述她因为好奇心体验3P,群P时候经历的种种，还是很令人心痛的，当时真的想去抱抱她，给她温暖。\r\n&lt;/p&gt;','2016-1-1',0,'我有酒，你有肉麻我有酒，你有肉麻我有酒，你有肉麻我有酒，你有肉麻我有酒，你有肉麻我有酒，你有肉麻我有酒，你有肉麻我有酒，你有肉麻我有酒，你有肉麻我有酒，你有肉麻我有酒，你有肉麻我有酒，你有肉麻我有酒，你有肉麻我有酒，你有肉麻我有酒，你有肉麻我有酒，你有肉麻我有酒，你有肉麻我有酒，你有肉麻我有酒，你有肉麻\r\n\n我有酒，你有肉麻\r\n我有酒，你有肉麻\n\n我有酒，你有肉麻\r\n\n我有酒，你有肉麻\n我有酒，你有肉麻\r\n\n我有酒，你有肉麻','article.jpg','article.jpg','postbird'),(3,'「 HelloMarker 」 这是一则关于我的故事','&lt;h2&gt;\r\n	介绍下自己和所做的工作吧\r\n&lt;/h2&gt;\r\n&lt;p&gt;\r\n	Hello，大家好，我叫蜜儿，是一名两性专栏作家。很高兴能在 一早一晚 跟大家认识。我有成立自己的工作室，叫 &lt;a href=&quot;http://weixin.sogou.com/gzh?openid=oIWsFtwh8Xr-xTVgl_PtKX-hCC1A&amp;amp;ext=7muVIkIDeYuaN952g0W_ExRzb_aVwoxpoCC015SrkKiD4ne5fkbjmV83wpeCgNsZ&quot;&gt;蜜之私语&lt;/a&gt;。除了支持我自己的自媒体品牌之外，还通过一些包括小说，软文，剧本等在内形式跟外部一些平台进行跨界合作。\r\n&lt;/p&gt;\r\n&lt;h2&gt;\r\n	说说两性吧，这确实是个男人女人都感兴趣的话题\r\n&lt;/h2&gt;\r\n&lt;p&gt;\r\n	其实，写两性这一块，我自己也挺意外的。在此之前，我并没有接触过这个领域。像现在大家都知道的李银河，木子美，冯唐，我也是后来我的粉丝们告诉我，我才知道的她们。\r\n&lt;/p&gt;\r\n&lt;p&gt;\r\n	一\r\n开始大家知道我，其实是通过我写的一部性爱小说。最初是因为当时社会上的诸如小朋友的堕胎，社会上的感情诈骗日渐增多，让我觉得国内的性教育其实还是相当\r\n的匮乏。我有一个读初中的表妹，跟她聊的时候，她告诉我她的学校在这一块几乎是空白。让我很是惊讶。距离我上初中已经十几块二十年了，学校的性教育还是不\r\n受重视。\r\n&lt;/p&gt;\r\n&lt;p&gt;\r\n	我记得我写的第一篇文章是关于意外怀孕的，写一个女孩子因为没有采取避孕措施，导致怀孕，去堕胎，后来造成一系列的影响。是个挺让人痛心的故事。把它写出来是希望更多人的能得到警示。尤其是年轻的女孩子，在性这一块，对自己的保护意识要加强。\r\n&lt;/p&gt;\r\n&lt;h2&gt;\r\n	问一个很多人都想问，应该也问了很多遍的问题——你为什么写两性？\r\n&lt;/h2&gt;\r\n&lt;p&gt;\r\n	中\r\n国在这方面是一个很奇怪甚至可笑的现状。大街上各种无痛人流，男科妇科的广告堂而皇之，相比之前，宣传避孕甚至避孕套的广告少的可怜。好像就再告诉年轻的\r\n小朋友，没关系没关系，你怀孕了，得病了，到医院一躺，不痛无伤害，睡一觉就都没了。难道不应该先是提示并教会孩子们先要学着如何保护自己么？\r\n&lt;/p&gt;\r\n&lt;p&gt;\r\n	还\r\n有，国人对性的态度，的确是越来越开放，这点由性用品行业的火热就可以窥见。但在我看来，这种开放是比较畸形的，并非是思想观念上的转变，而是身体上的开\r\n闸泄洪。很多男女双方对性其实也没有一个正确的认知。尤其是女性在性这方面的羞于表达，缺乏互动等等，很多问题让身为女性的我慢慢有了写两性的想法。然后\r\n就可以动笔写了很多的文章，小说来阐述自己的思考和想法。只不过我的每部小说都是针对社会上现存的一些热点问题去写，比如婚外情，出轨，约炮，甚至换妻\r\n等。其实这些都是现今社会暗藏的问题，只不过是我把它抛出来而已。\r\n&lt;/p&gt;\r\n&lt;p&gt;\r\n	讲个有趣的事情，可能是因为我是女性的关系，小说中情色部门的描写相对细\r\n腻一些，很多读者开玩笑说我的小说可以治愈阳痿。很多读者都是慢慢由我的作品开始认识我熟悉我，然后喜欢我。其实我从来不觉得自己写的是色情，文中的情色\r\n环节，只是我想希望通过对男女在性爱过程中的心理状态，来增强男女在现实生活中的彼此了解，避免很多的误会和不快。做爱这件事情，是人之本能，无需忌讳。\r\n我是想通过文字去坦然的谈论这些话题，能让更多的人去直面这其中的问题，不觉得性是一件拿不上台面的事情。性，当然也有它低俗的部分，但我倡导大家用一种\r\n客观态度去接受并享受它。我后来做社群，包括成立自己的工作室，也是想通过更多的力量和行为，去倡导人们对性的正确认知。\r\n&lt;/p&gt;\r\n&lt;h2&gt;\r\n	都说写作是源自生活而高于生活，你写的这些是源自自身经验还是？\r\n&lt;/h2&gt;\r\n&lt;p&gt;\r\n	我\r\n作品中的情色环节，有来自身的经验，有想象的部分，还有很多都是源自我的粉丝们的真实故事。很多人都觉得我对这方面的描写太过逼真，以为我就跟木子美一\r\n样，有着比较丰富的性经验，其实不是。不过，奇妙的是，这些凭想象杜撰出来的情境，反而在真实生活有发生。之前有写过一边如何利用抱枕来增加性爱情趣的文\r\n章，很多分析后来有去体验，还反馈说效果很赞。包括我后来做的一些音频，也是引导大家利用生活中的一些场景和物件，来增加性爱乃至生活的情趣。这种情趣的\r\n累积会提高性生活的质量，也是身心的一种平衡，这是我的理解。\r\n&lt;/p&gt;\r\n&lt;h2&gt;\r\n	为什么文章是发布在微店里，而不是微信个人公众号？\r\n&lt;/h2&gt;\r\n&lt;p&gt;\r\n	这个得给大家解释下。是因为现实中，还是有部分人认为我写的东西是色情，之前是用微信公众号的，被举报封禁过2次。后来就没用了，就写在微店上，图个清静，比较保险吧\r\n&lt;/p&gt;\r\n&lt;h2&gt;\r\n	感觉读者跟你的互动还是蛮频繁的，有无令你印象深刻的读者？\r\n&lt;/h2&gt;\r\n&lt;p&gt;\r\n	互动确实挺多的。大部分的读者都能提供给我写作的灵感和源泉，印象深刻的是，有一个女孩子，给我讲述她因为好奇心体验3P,群P时候经历的种种，还是很令人心痛的，当时真的想去抱抱她，给她温暖。\r\n&lt;/p&gt;','2016-1-1',1,'我有酒，你有肉麻我有酒，你有肉麻我有酒，你有肉麻我有酒，你有肉麻我有酒，你有肉麻我有酒，你有肉麻我有酒，你有肉麻我有酒，你有肉麻我有酒，你有肉麻我有酒，你有肉麻我有酒，你有肉麻我有酒，你有肉麻我有酒，你有肉麻我有酒，你有肉麻我有酒，你有肉麻我有酒，你有肉麻我有酒，你有肉麻我有酒，你有肉麻我有酒，你有肉麻\r\n\n我有酒，你有肉麻\r\n我有酒，你有肉麻\n\n我有酒，你有肉麻\r\n\n我有酒，你有肉麻\n我有酒，你有肉麻\r\n\n我有酒，你有肉麻','article.jpg','article.jpg','postbird'),(4,'我有酒，你有肉麻','&lt;h2&gt;\r\n	介绍下自己和所做的工作吧\r\n&lt;/h2&gt;\r\n&lt;p&gt;\r\n	Hello，大家好，我叫蜜儿，是一名两性专栏作家。很高兴能在 一早一晚 跟大家认识。我有成立自己的工作室，叫 &lt;a href=&quot;http://weixin.sogou.com/gzh?openid=oIWsFtwh8Xr-xTVgl_PtKX-hCC1A&amp;amp;ext=7muVIkIDeYuaN952g0W_ExRzb_aVwoxpoCC015SrkKiD4ne5fkbjmV83wpeCgNsZ&quot;&gt;蜜之私语&lt;/a&gt;。除了支持我自己的自媒体品牌之外，还通过一些包括小说，软文，剧本等在内形式跟外部一些平台进行跨界合作。\r\n&lt;/p&gt;\r\n&lt;h2&gt;\r\n	说说两性吧，这确实是个男人女人都感兴趣的话题\r\n&lt;/h2&gt;\r\n&lt;p&gt;\r\n	其实，写两性这一块，我自己也挺意外的。在此之前，我并没有接触过这个领域。像现在大家都知道的李银河，木子美，冯唐，我也是后来我的粉丝们告诉我，我才知道的她们。\r\n&lt;/p&gt;\r\n&lt;p&gt;\r\n	一\r\n开始大家知道我，其实是通过我写的一部性爱小说。最初是因为当时社会上的诸如小朋友的堕胎，社会上的感情诈骗日渐增多，让我觉得国内的性教育其实还是相当\r\n的匮乏。我有一个读初中的表妹，跟她聊的时候，她告诉我她的学校在这一块几乎是空白。让我很是惊讶。距离我上初中已经十几块二十年了，学校的性教育还是不\r\n受重视。\r\n&lt;/p&gt;\r\n&lt;p&gt;\r\n	我记得我写的第一篇文章是关于意外怀孕的，写一个女孩子因为没有采取避孕措施，导致怀孕，去堕胎，后来造成一系列的影响。是个挺让人痛心的故事。把它写出来是希望更多人的能得到警示。尤其是年轻的女孩子，在性这一块，对自己的保护意识要加强。\r\n&lt;/p&gt;\r\n&lt;h2&gt;\r\n	问一个很多人都想问，应该也问了很多遍的问题——你为什么写两性？\r\n&lt;/h2&gt;\r\n&lt;p&gt;\r\n	中\r\n国在这方面是一个很奇怪甚至可笑的现状。大街上各种无痛人流，男科妇科的广告堂而皇之，相比之前，宣传避孕甚至避孕套的广告少的可怜。好像就再告诉年轻的\r\n小朋友，没关系没关系，你怀孕了，得病了，到医院一躺，不痛无伤害，睡一觉就都没了。难道不应该先是提示并教会孩子们先要学着如何保护自己么？\r\n&lt;/p&gt;\r\n&lt;p&gt;\r\n	还\r\n有，国人对性的态度，的确是越来越开放，这点由性用品行业的火热就可以窥见。但在我看来，这种开放是比较畸形的，并非是思想观念上的转变，而是身体上的开\r\n闸泄洪。很多男女双方对性其实也没有一个正确的认知。尤其是女性在性这方面的羞于表达，缺乏互动等等，很多问题让身为女性的我慢慢有了写两性的想法。然后\r\n就可以动笔写了很多的文章，小说来阐述自己的思考和想法。只不过我的每部小说都是针对社会上现存的一些热点问题去写，比如婚外情，出轨，约炮，甚至换妻\r\n等。其实这些都是现今社会暗藏的问题，只不过是我把它抛出来而已。\r\n&lt;/p&gt;\r\n&lt;p&gt;\r\n	讲个有趣的事情，可能是因为我是女性的关系，小说中情色部门的描写相对细\r\n腻一些，很多读者开玩笑说我的小说可以治愈阳痿。很多读者都是慢慢由我的作品开始认识我熟悉我，然后喜欢我。其实我从来不觉得自己写的是色情，文中的情色\r\n环节，只是我想希望通过对男女在性爱过程中的心理状态，来增强男女在现实生活中的彼此了解，避免很多的误会和不快。做爱这件事情，是人之本能，无需忌讳。\r\n我是想通过文字去坦然的谈论这些话题，能让更多的人去直面这其中的问题，不觉得性是一件拿不上台面的事情。性，当然也有它低俗的部分，但我倡导大家用一种\r\n客观态度去接受并享受它。我后来做社群，包括成立自己的工作室，也是想通过更多的力量和行为，去倡导人们对性的正确认知。\r\n&lt;/p&gt;\r\n&lt;h2&gt;\r\n	都说写作是源自生活而高于生活，你写的这些是源自自身经验还是？\r\n&lt;/h2&gt;\r\n&lt;p&gt;\r\n	我\r\n作品中的情色环节，有来自身的经验，有想象的部分，还有很多都是源自我的粉丝们的真实故事。很多人都觉得我对这方面的描写太过逼真，以为我就跟木子美一\r\n样，有着比较丰富的性经验，其实不是。不过，奇妙的是，这些凭想象杜撰出来的情境，反而在真实生活有发生。之前有写过一边如何利用抱枕来增加性爱情趣的文\r\n章，很多分析后来有去体验，还反馈说效果很赞。包括我后来做的一些音频，也是引导大家利用生活中的一些场景和物件，来增加性爱乃至生活的情趣。这种情趣的\r\n累积会提高性生活的质量，也是身心的一种平衡，这是我的理解。\r\n&lt;/p&gt;\r\n&lt;h2&gt;\r\n	为什么文章是发布在微店里，而不是微信个人公众号？\r\n&lt;/h2&gt;\r\n&lt;p&gt;\r\n	这个得给大家解释下。是因为现实中，还是有部分人认为我写的东西是色情，之前是用微信公众号的，被举报封禁过2次。后来就没用了，就写在微店上，图个清静，比较保险吧\r\n&lt;/p&gt;\r\n&lt;h2&gt;\r\n	感觉读者跟你的互动还是蛮频繁的，有无令你印象深刻的读者？\r\n&lt;/h2&gt;\r\n&lt;p&gt;\r\n	互动确实挺多的。大部分的读者都能提供给我写作的灵感和源泉，印象深刻的是，有一个女孩子，给我讲述她因为好奇心体验3P,群P时候经历的种种，还是很令人心痛的，当时真的想去抱抱她，给她温暖。\r\n&lt;/p&gt;','2016-1-1',0,'我有酒，你有肉麻我有酒，你有肉麻我有酒，你有肉麻我有酒，你有肉麻我有酒，你有肉麻我有酒，你有肉麻我有酒，你有肉麻我有酒，你有肉麻我有酒，你有肉麻我有酒，你有肉麻我有酒，你有肉麻我有酒，你有肉麻我有酒，你有肉麻我有酒，你有肉麻我有酒，你有肉麻我有酒，你有肉麻我有酒，你有肉麻我有酒，你有肉麻我有酒，你有肉麻\r\n\n我有酒，你有肉麻\r\n我有酒，你有肉麻\n\n我有酒，你有肉麻\r\n\n我有酒，你有肉麻\n我有酒，你有肉麻\r\n\n我有酒，你有肉麻','article.jpg','article.jpg','postbird'),(5,'「 HelloMarker 」 这是一则关于我的故事','&lt;h2&gt;\r\n	介绍下自己和所做的工作吧\r\n&lt;/h2&gt;\r\n&lt;p&gt;\r\n	Hello，大家好，我叫蜜儿，是一名两性专栏作家。很高兴能在 一早一晚 跟大家认识。我有成立自己的工作室，叫 &lt;a href=&quot;http://weixin.sogou.com/gzh?openid=oIWsFtwh8Xr-xTVgl_PtKX-hCC1A&amp;amp;ext=7muVIkIDeYuaN952g0W_ExRzb_aVwoxpoCC015SrkKiD4ne5fkbjmV83wpeCgNsZ&quot;&gt;蜜之私语&lt;/a&gt;。除了支持我自己的自媒体品牌之外，还通过一些包括小说，软文，剧本等在内形式跟外部一些平台进行跨界合作。\r\n&lt;/p&gt;\r\n&lt;h2&gt;\r\n	说说两性吧，这确实是个男人女人都感兴趣的话题\r\n&lt;/h2&gt;\r\n&lt;p&gt;\r\n	其实，写两性这一块，我自己也挺意外的。在此之前，我并没有接触过这个领域。像现在大家都知道的李银河，木子美，冯唐，我也是后来我的粉丝们告诉我，我才知道的她们。\r\n&lt;/p&gt;\r\n&lt;p&gt;\r\n	一\r\n开始大家知道我，其实是通过我写的一部性爱小说。最初是因为当时社会上的诸如小朋友的堕胎，社会上的感情诈骗日渐增多，让我觉得国内的性教育其实还是相当\r\n的匮乏。我有一个读初中的表妹，跟她聊的时候，她告诉我她的学校在这一块几乎是空白。让我很是惊讶。距离我上初中已经十几块二十年了，学校的性教育还是不\r\n受重视。\r\n&lt;/p&gt;\r\n&lt;p&gt;\r\n	我记得我写的第一篇文章是关于意外怀孕的，写一个女孩子因为没有采取避孕措施，导致怀孕，去堕胎，后来造成一系列的影响。是个挺让人痛心的故事。把它写出来是希望更多人的能得到警示。尤其是年轻的女孩子，在性这一块，对自己的保护意识要加强。\r\n&lt;/p&gt;\r\n&lt;h2&gt;\r\n	问一个很多人都想问，应该也问了很多遍的问题——你为什么写两性？\r\n&lt;/h2&gt;\r\n&lt;p&gt;\r\n	中\r\n国在这方面是一个很奇怪甚至可笑的现状。大街上各种无痛人流，男科妇科的广告堂而皇之，相比之前，宣传避孕甚至避孕套的广告少的可怜。好像就再告诉年轻的\r\n小朋友，没关系没关系，你怀孕了，得病了，到医院一躺，不痛无伤害，睡一觉就都没了。难道不应该先是提示并教会孩子们先要学着如何保护自己么？\r\n&lt;/p&gt;\r\n&lt;p&gt;\r\n	还\r\n有，国人对性的态度，的确是越来越开放，这点由性用品行业的火热就可以窥见。但在我看来，这种开放是比较畸形的，并非是思想观念上的转变，而是身体上的开\r\n闸泄洪。很多男女双方对性其实也没有一个正确的认知。尤其是女性在性这方面的羞于表达，缺乏互动等等，很多问题让身为女性的我慢慢有了写两性的想法。然后\r\n就可以动笔写了很多的文章，小说来阐述自己的思考和想法。只不过我的每部小说都是针对社会上现存的一些热点问题去写，比如婚外情，出轨，约炮，甚至换妻\r\n等。其实这些都是现今社会暗藏的问题，只不过是我把它抛出来而已。\r\n&lt;/p&gt;\r\n&lt;p&gt;\r\n	讲个有趣的事情，可能是因为我是女性的关系，小说中情色部门的描写相对细\r\n腻一些，很多读者开玩笑说我的小说可以治愈阳痿。很多读者都是慢慢由我的作品开始认识我熟悉我，然后喜欢我。其实我从来不觉得自己写的是色情，文中的情色\r\n环节，只是我想希望通过对男女在性爱过程中的心理状态，来增强男女在现实生活中的彼此了解，避免很多的误会和不快。做爱这件事情，是人之本能，无需忌讳。\r\n我是想通过文字去坦然的谈论这些话题，能让更多的人去直面这其中的问题，不觉得性是一件拿不上台面的事情。性，当然也有它低俗的部分，但我倡导大家用一种\r\n客观态度去接受并享受它。我后来做社群，包括成立自己的工作室，也是想通过更多的力量和行为，去倡导人们对性的正确认知。\r\n&lt;/p&gt;\r\n&lt;h2&gt;\r\n	都说写作是源自生活而高于生活，你写的这些是源自自身经验还是？\r\n&lt;/h2&gt;\r\n&lt;p&gt;\r\n	我\r\n作品中的情色环节，有来自身的经验，有想象的部分，还有很多都是源自我的粉丝们的真实故事。很多人都觉得我对这方面的描写太过逼真，以为我就跟木子美一\r\n样，有着比较丰富的性经验，其实不是。不过，奇妙的是，这些凭想象杜撰出来的情境，反而在真实生活有发生。之前有写过一边如何利用抱枕来增加性爱情趣的文\r\n章，很多分析后来有去体验，还反馈说效果很赞。包括我后来做的一些音频，也是引导大家利用生活中的一些场景和物件，来增加性爱乃至生活的情趣。这种情趣的\r\n累积会提高性生活的质量，也是身心的一种平衡，这是我的理解。\r\n&lt;/p&gt;\r\n&lt;h2&gt;\r\n	为什么文章是发布在微店里，而不是微信个人公众号？\r\n&lt;/h2&gt;\r\n&lt;p&gt;\r\n	这个得给大家解释下。是因为现实中，还是有部分人认为我写的东西是色情，之前是用微信公众号的，被举报封禁过2次。后来就没用了，就写在微店上，图个清静，比较保险吧\r\n&lt;/p&gt;\r\n&lt;h2&gt;\r\n	感觉读者跟你的互动还是蛮频繁的，有无令你印象深刻的读者？\r\n&lt;/h2&gt;\r\n&lt;p&gt;\r\n	互动确实挺多的。大部分的读者都能提供给我写作的灵感和源泉，印象深刻的是，有一个女孩子，给我讲述她因为好奇心体验3P,群P时候经历的种种，还是很令人心痛的，当时真的想去抱抱她，给她温暖。\r\n&lt;/p&gt;','2016-1-1',1,'我有酒，你有肉麻我有酒，你有肉麻我有酒，你有肉麻我有酒，你有肉麻我有酒，你有肉麻我有酒，你有肉麻我有酒，你有肉麻我有酒，你有肉麻我有酒，你有肉麻我有酒，你有肉麻我有酒，你有肉麻我有酒，你有肉麻我有酒，你有肉麻我有酒，你有肉麻我有酒，你有肉麻我有酒，你有肉麻我有酒，你有肉麻我有酒，你有肉麻我有酒，你有肉麻\r\n\n我有酒，你有肉麻\r\n我有酒，你有肉麻\n\n我有酒，你有肉麻\r\n\n我有酒，你有肉麻\n我有酒，你有肉麻\r\n\n我有酒，你有肉麻','article.jpg','article.jpg','postbird'),(6,'我有酒，你有肉麻','&lt;h2&gt;\r\n	介绍下自己和所做的工作吧\r\n&lt;/h2&gt;\r\n&lt;p&gt;\r\n	Hello，大家好，我叫蜜儿，是一名两性专栏作家。很高兴能在 一早一晚 跟大家认识。我有成立自己的工作室，叫 &lt;a href=&quot;http://weixin.sogou.com/gzh?openid=oIWsFtwh8Xr-xTVgl_PtKX-hCC1A&amp;amp;ext=7muVIkIDeYuaN952g0W_ExRzb_aVwoxpoCC015SrkKiD4ne5fkbjmV83wpeCgNsZ&quot;&gt;蜜之私语&lt;/a&gt;。除了支持我自己的自媒体品牌之外，还通过一些包括小说，软文，剧本等在内形式跟外部一些平台进行跨界合作。\r\n&lt;/p&gt;\r\n&lt;h2&gt;\r\n	说说两性吧，这确实是个男人女人都感兴趣的话题\r\n&lt;/h2&gt;\r\n&lt;p&gt;\r\n	其实，写两性这一块，我自己也挺意外的。在此之前，我并没有接触过这个领域。像现在大家都知道的李银河，木子美，冯唐，我也是后来我的粉丝们告诉我，我才知道的她们。\r\n&lt;/p&gt;\r\n&lt;p&gt;\r\n	一\r\n开始大家知道我，其实是通过我写的一部性爱小说。最初是因为当时社会上的诸如小朋友的堕胎，社会上的感情诈骗日渐增多，让我觉得国内的性教育其实还是相当\r\n的匮乏。我有一个读初中的表妹，跟她聊的时候，她告诉我她的学校在这一块几乎是空白。让我很是惊讶。距离我上初中已经十几块二十年了，学校的性教育还是不\r\n受重视。\r\n&lt;/p&gt;\r\n&lt;p&gt;\r\n	我记得我写的第一篇文章是关于意外怀孕的，写一个女孩子因为没有采取避孕措施，导致怀孕，去堕胎，后来造成一系列的影响。是个挺让人痛心的故事。把它写出来是希望更多人的能得到警示。尤其是年轻的女孩子，在性这一块，对自己的保护意识要加强。\r\n&lt;/p&gt;\r\n&lt;h2&gt;\r\n	问一个很多人都想问，应该也问了很多遍的问题——你为什么写两性？\r\n&lt;/h2&gt;\r\n&lt;p&gt;\r\n	中\r\n国在这方面是一个很奇怪甚至可笑的现状。大街上各种无痛人流，男科妇科的广告堂而皇之，相比之前，宣传避孕甚至避孕套的广告少的可怜。好像就再告诉年轻的\r\n小朋友，没关系没关系，你怀孕了，得病了，到医院一躺，不痛无伤害，睡一觉就都没了。难道不应该先是提示并教会孩子们先要学着如何保护自己么？\r\n&lt;/p&gt;\r\n&lt;p&gt;\r\n	还\r\n有，国人对性的态度，的确是越来越开放，这点由性用品行业的火热就可以窥见。但在我看来，这种开放是比较畸形的，并非是思想观念上的转变，而是身体上的开\r\n闸泄洪。很多男女双方对性其实也没有一个正确的认知。尤其是女性在性这方面的羞于表达，缺乏互动等等，很多问题让身为女性的我慢慢有了写两性的想法。然后\r\n就可以动笔写了很多的文章，小说来阐述自己的思考和想法。只不过我的每部小说都是针对社会上现存的一些热点问题去写，比如婚外情，出轨，约炮，甚至换妻\r\n等。其实这些都是现今社会暗藏的问题，只不过是我把它抛出来而已。\r\n&lt;/p&gt;\r\n&lt;p&gt;\r\n	讲个有趣的事情，可能是因为我是女性的关系，小说中情色部门的描写相对细\r\n腻一些，很多读者开玩笑说我的小说可以治愈阳痿。很多读者都是慢慢由我的作品开始认识我熟悉我，然后喜欢我。其实我从来不觉得自己写的是色情，文中的情色\r\n环节，只是我想希望通过对男女在性爱过程中的心理状态，来增强男女在现实生活中的彼此了解，避免很多的误会和不快。做爱这件事情，是人之本能，无需忌讳。\r\n我是想通过文字去坦然的谈论这些话题，能让更多的人去直面这其中的问题，不觉得性是一件拿不上台面的事情。性，当然也有它低俗的部分，但我倡导大家用一种\r\n客观态度去接受并享受它。我后来做社群，包括成立自己的工作室，也是想通过更多的力量和行为，去倡导人们对性的正确认知。\r\n&lt;/p&gt;\r\n&lt;h2&gt;\r\n	都说写作是源自生活而高于生活，你写的这些是源自自身经验还是？\r\n&lt;/h2&gt;\r\n&lt;p&gt;\r\n	我\r\n作品中的情色环节，有来自身的经验，有想象的部分，还有很多都是源自我的粉丝们的真实故事。很多人都觉得我对这方面的描写太过逼真，以为我就跟木子美一\r\n样，有着比较丰富的性经验，其实不是。不过，奇妙的是，这些凭想象杜撰出来的情境，反而在真实生活有发生。之前有写过一边如何利用抱枕来增加性爱情趣的文\r\n章，很多分析后来有去体验，还反馈说效果很赞。包括我后来做的一些音频，也是引导大家利用生活中的一些场景和物件，来增加性爱乃至生活的情趣。这种情趣的\r\n累积会提高性生活的质量，也是身心的一种平衡，这是我的理解。\r\n&lt;/p&gt;\r\n&lt;h2&gt;\r\n	为什么文章是发布在微店里，而不是微信个人公众号？\r\n&lt;/h2&gt;\r\n&lt;p&gt;\r\n	这个得给大家解释下。是因为现实中，还是有部分人认为我写的东西是色情，之前是用微信公众号的，被举报封禁过2次。后来就没用了，就写在微店上，图个清静，比较保险吧\r\n&lt;/p&gt;\r\n&lt;h2&gt;\r\n	感觉读者跟你的互动还是蛮频繁的，有无令你印象深刻的读者？\r\n&lt;/h2&gt;\r\n&lt;p&gt;\r\n	互动确实挺多的。大部分的读者都能提供给我写作的灵感和源泉，印象深刻的是，有一个女孩子，给我讲述她因为好奇心体验3P,群P时候经历的种种，还是很令人心痛的，当时真的想去抱抱她，给她温暖。\r\n&lt;/p&gt;','2016-1-1',0,'我有酒，你有肉麻我有酒，你有肉麻我有酒，你有肉麻我有酒，你有肉麻我有酒，你有肉麻我有酒，你有肉麻我有酒，你有肉麻我有酒，你有肉麻我有酒，你有肉麻我有酒，你有肉麻我有酒，你有肉麻我有酒，你有肉麻我有酒，你有肉麻我有酒，你有肉麻我有酒，你有肉麻我有酒，你有肉麻我有酒，你有肉麻我有酒，你有肉麻我有酒，你有肉麻\r\n\n我有酒，你有肉麻\r\n我有酒，你有肉麻\n\n我有酒，你有肉麻\r\n\n我有酒，你有肉麻\n我有酒，你有肉麻\r\n\n我有酒，你有肉麻','article.jpg','article.jpg','postbird');

/*Table structure for table `mk_bug` */

DROP TABLE IF EXISTS `mk_bug`;

CREATE TABLE `mk_bug` (
  `bugid` bigint(255) unsigned NOT NULL AUTO_INCREMENT,
  `bugname` varchar(255) NOT NULL,
  `bugtime` varchar(255) NOT NULL,
  `bugtext` text NOT NULL,
  `bugcheck` int(1) NOT NULL DEFAULT '0',
  PRIMARY KEY (`bugid`)
) ENGINE=InnoDB DEFAULT CHARSET=utf8;

/*Data for the table `mk_bug` */

/*Table structure for table `mk_note` */

DROP TABLE IF EXISTS `mk_note`;

CREATE TABLE `mk_note` (
  `noteid` int(255) unsigned NOT NULL AUTO_INCREMENT,
  `notename` varchar(255) NOT NULL,
  `noteaddress` varchar(255) NOT NULL,
  `notetime` varchar(255) NOT NULL,
  `notecollectcount` int(11) NOT NULL DEFAULT '0',
  `notediscusscount` int(11) NOT NULL DEFAULT '0',
  `noteother` text,
  `userid` int(255) NOT NULL,
  `imagesrc` varchar(255) NOT NULL,
  `imgsrc` varchar(255) NOT NULL,
  `isshare` int(1) NOT NULL DEFAULT '0',
  PRIMARY KEY (`noteid`)
) ENGINE=InnoDB AUTO_INCREMENT=182 DEFAULT CHARSET=utf8;

/*Data for the table `mk_note` */

insert  into `mk_note`(`noteid`,`notename`,`noteaddress`,`notetime`,`notecollectcount`,`notediscusscount`,`noteother`,`userid`,`imagesrc`,`imgsrc`,`isshare`) values (2,'2','2','2',0,11,NULL,2,'1.jpg','1.jpg',1),(4,'cate','杭州','2016-02-26',0,0,NULL,1,'.1456467976.jpg','.1456467976.jpg',1),(5,'阿斯达','阿斯顿萨达撒','2016-02-27',2,0,'阿四大时代',1,'.1456562770.png','.1456562770.png',1),(6,'ini记录',' 是','2016-02-27',1,0,'啊asd ',1,'.1456468050.png','.1456468050.png',1),(12,'基本侧四1.1','上海','2016-02-27',0,0,NULL,1,'.1456563463.jpg','.1456563463.jpg',0),(13,'第一次修改！','上海','2016-02-27',1,1,'这次的测试终于鞥阿斯\r\n顿萨达萨达',1,'.1456565037.jpg','.1456565037.jpg',1),(14,'斗鱼直播测试','苏州','2016-02-27',1,0,'测试描述',1,'.1456587925.jpg','.1456587925.jpg',1),(15,'bug 个人分享无法查询','上海','2016-02-27',1,1,'添加修复',1,'.1456588065.jpg','.1456588065.jpg',1),(16,'bug记录 - 个人分享查询有问题','苏州','2016-02-27',1,1,'解决： 删除查询',2,'.1456588329.jpg','.1456588329.jpg',1),(17,'老头油爆虾','浙江省杭州市西湖区','2016-03-17',0,0,'        关好几年了，\r\n但因为每次去杭州住的\r\n附近都没有，又或者吃\r\n了太多别的，实在吃不\r\n下，所以一直拖到现在\r\n才去拔草。果然不错，\r\n油爆虾看评论说略咸，\r\n所以没敢要河虾，要了\r\n大虾，吃到后面依然很\r\n咸，不过汤汁味道真的\r\n蛮好，带鱼真是名不虚\r\n传，又酥又香，还不\r\n咸，用的不是洋带鱼，\r\n虽然不大但觉得这样炸\r\n的刚刚好',1,'.1458229522.png','.1458229522.png',1),(18,'三立海鲜','浙江省杭州市西湖区虎跑路四眼井238号','2016-03-18',0,0,'还算新鲜的，地理位置也方便，海鲜品种很多，就是夏天时环境差了点，敞开式大排档风格，风一吹桌椅上全是灰尘，价格也有\r\n点偏贵。',1,'.1458294960.png','.1458294960.png',1),(19,'老贯桥烧麦','  浙江省下城区中山北路','2016-03-18',0,0,'这家烧卖店好像和德胜那家是一起的，不得不说，烧卖确实很好吃，里面的鲜肉咬起来很有劲道，肉汁也很鲜美，冬笋粒比较大\r\n颗。目前吃到现在觉得杭州最好吃的烧卖应该就他们家和棒槌烧卖了。肉末粉丝也不错，感觉比新丰的粉丝好喝，单人套餐13.9\r\n元还是很划算的，三个人去的点了两份套餐加一份菜肉大馄饨，馄饨肉偏少，菜多，比较一般，整体还是很实惠的。',1,'.1458295103.png','.1458295103.png',1),(20,'炉鱼','浙江省杭州市上城区利星广场炉鱼','2016-03-18',0,0,'鱼很好吃店家服务也很好 本来多要了一份米饭太慢了就说不要了 结果店家还是上了 本来以为是收费的 原来错怪店家了！米饭不\r\n要钱！反正吃的很舒爽 两个北方少女吃不完',1,'.1458295234.png','.1458295234.png',1),(21,'油爆虾鳝面','浙江省杭州上城区解放路154号','2016-03-18',0,0,'选用粗壮的鲜活黄鳝，斩头截尾剔骨后切成鳝片，用素油爆，荤油炒，麻油浇，直至鳝片黄脆；取鲜活大河虾洗净加蛋清上浆清\r\n炒至白嫩；精制面条下锅烧后，不粘不糊；用原汁煮面，使面条吸入鳝鱼的香味，汁浓面鲜。虾爆鳝面为奎元馆的宁式名面。',1,'.1458295489.png','.1458295489.png',1),(22,'绿茶','浙江省杭州市上城区湖滨银泰','2016-03-18',0,0,'一直觉得绿茶和外婆家是一家店，不管是菜品还是装修风格都极其相似，龙井路店是在西湖景区里的，环境确实不错，挨着水，\r\n可能就是小虫多点。四点半到店点餐，四点半之后基本就满了，五点不到就开始排号，可以网上预约拿号的哦。推荐菜品：椒麻\r\n鸡、蓝莓山药、菠萝包，最重要的绿茶饼。价格实惠性价比高',1,'.1458295565.png','.1458295565.png',1),(23,'动手吧','浙江省杭州市上城区湖滨银泰','2016-03-18',0,0,'听名字就知道是没有餐具的一家餐厅，而且电视在房顶上，也算特点吧，灯光属于偏有情调的！大众点评网上有团购的餐券，看\r\n看团餐券还挺合适的，就团了一张，选择的种类也挺丰富的，爱疯6手撕鸡说实话烤的挺嫩的，皮烤的也挺香的，造型还很叼，\r\n感觉两人吃正好，然后要的螺纹薯条，没想到上来是满满的一大份，非常好吃，还有点辣味，不错！',1,'.1458295690.png','.1458295690.png',1),(24,'阿良面馆','浙江省杭州市下城区阿良面馆','2016-03-18',0,0,'大排很大，腰花新鲜，手工面软糯可口，面汤里有香干韭黄和青菜，汤味鲜甜，用料很足。经常光顾，另外吃面的话荷包蛋也是\r\n必加。',1,'.1458295765.png','.1458295765.png',1),(25,'白井坊巷',' 浙江省杭州市下城区白井坊巷','2016-03-18',0,0,NULL,1,'.1458295900.png','.1458295900.png',1),(26,'胜利河','浙江省杭州市拱墅区胜利河美食街上塘路口','2016-03-18',0,0,NULL,1,'.1458295951.png','.1458295951.png',1),(27,'南宋御街中华美食街','浙江省杭州市上城区中山南路(近鼓楼)','2016-03-18',0,0,NULL,1,'.1458299026.png','.1458299026.png',1),(28,'隐上花园餐厅','浙江省杭州市西湖区虎跑路四眼井228号','2016-03-18',0,0,'隐上花园餐厅以后现代简欧风格为主打，幽雅舒适，庭院内有潺潺流水，绿树成荫，景色宜人。墙上挂着许多澳洲、欧洲等地拍\r\n摄的风光照片。在这里，白天可以泡一杯明前龙井，呼吸着空气里飘浮的淡淡茶香，就着阳光看看书、谈谈心、小饮几杯，度过\r\n慵懒的午间时光。到了晚间，桌上放一盏烛台，点燃一支蜡烛，月光洒在餐桌上，映衬着若有若无的昆虫叫声。',1,'.1458299112.png','.1458299112.png',1),(29,'太古咖啡馆','浙江省杭州市西湖区南山路184-1号','2016-03-18',0,0,'#太古炒饭#里面有新鲜虾仁和碎的鱼干，所以会有一股海鲜味，还不错 比较清淡的，份量还挺多的。\r\n#鸡米花#吃不出来鸡的味道，也没有鸡肉的口感，可以冒充鱼米花。\r\n#菲力牛排#点了7分熟，会有血水流出来，偏生了一点点，7分的肉应该是粉色但没有血的。味道还是蛮好的，很嫩很香。牛\r\n排下的薯棒被血水泡的不好吃了，早知道先吃薯棒。',1,'.1458299193.png','.1458299193.png',1),(30,'Russel coffee','浙江省杭州市上城区鲲鹏路263号','2016-03-18',0,0,'环境优雅，工作交谈皆可。',1,'.1458311509.png','.1458311509.png',1),(31,'飞鸟集','浙江省杭州市西湖区满觉陇村杨家山1号','2016-03-18',0,0,'入店后确实很满意，日式小清新风格干净利落又不失小温馨。这个旅店在豆瓣上还有小站~\r\n而且老板亲自做的三明治味道很不错',1,'.1458311797.png','.1458311797.png',1),(32,'cafe of memory','浙江省杭州市文二路38号文华大酒店3楼','2016-03-18',0,0,'服务非常满意，蓝莓cheese口味还算不错，此外玫瑰拿铁口感也还行',1,'.1458311964.png','.1458311964.png',1),(33,'胖大姐烧烤','浙江省杭州市上城区平海路118','2016-03-18',0,0,'名气很大的烧烤炸串，即使是晚上十一点半出摊，还是有吃货忍着困意排队来吃，不少吃货还是开着豪车来吃的。杭州吃货的血\r\n泪教训告诉大家：排队时千万不要走开，因为瞬间队伍就会拉长，再多等半个小时一个小时也是常事。胖大姐两口锅，一边做臭\r\n豆腐和鸡翅膀，一边做串串。臭豆腐是必点，酥脆，香气扑鼻。鸡翅和鸡心也深受大姐喜爱。',1,'.1458312058.png','.1458312058.png',1),(34,'山边小吃','浙江省州市上城区中山南路495号（近丁字路）','2016-03-18',0,0,'中山南路上的山边小吃店，夜间只供应馄饨、水饺、拌面，白天还有锅贴、生煎、牛肉粉丝。招牌就是鲜肉馄饨、菜肉馄饨和拌\r\n面。就是这几羊东西，会有人专门打的去吃。',1,'.1458312340.png','.1458312340.png',1),(35,'濑尿虾','浙江省杭州市拱墅区德苑路29号','2016-03-18',0,0,'他家特色就是濑尿虾，个人推荐椒盐味道的更好吃，生蚝扇贝不推荐，不新鲜烤的也不好。一盆小龙虾加一盆濑尿虾，搞个盐水\r\n毛豆三人夜宵最佳选择',1,'.1458312484.png','.1458312484.png',1),(36,'老杨小黄鱼','浙江省杭州市上城区玉皇山路弄堂','2016-03-18',0,0,'上回来因为人太多没有吃到鸡翅中 这回发现鸡翅中还是很棒的 外皮烤得很脆 但是却不焦\r\n我是不吃羊肉的人 但是羊肉串我会吃 上来就闻到了骚骚的羊肉味 但是吃了却觉得很香',1,'.1458312578.png','.1458312578.png',1),(37,'老王馄饨','浙江省杭州市下城区建国路加油站对面','2016-03-18',0,0,'  说是“小小”馄饨店，卖的馄饨可不小，都是馅料满满的大馄饨，胃口小点的女生可能一碗都吃不完。说起这家店可是有点年岁\r\n了，最早是在东来顺隔壁，大概五六个平方的小铺子，就卖手工馄饨。',1,'.1458312828.png','.1458312828.png',1),(38,'山韩国烤辣鸡',' 浙江省杭州市长宁区湖滨银泰工联B2美食广场c01','2016-03-18',0,0,'它开了很久了，今天还是第一次去吃。味道不错，店里的服务员也蛮有趣的长得也好看。个人口味比较喜欢那个调味鸡块，微辣\r\n的还可以接受两个人吃差不多哦~',1,'.1458313066.png','.1458313066.png',1),(39,'泰澜',' 浙江省杭州市江干区市中心路288号银隆百货B区3楼','2016-03-18',0,0,'环境不错，这里的虾片蛮好吃的，四季豆有点老，其它菜味道都还不错。沙津吃起来蛮爽口的。冬阴功汤3个人点小份实际上也\r\n够了。',1,'.1458313270.png','.1458313270.png',1),(40,'辣之源贵州米线馆','  浙江省杭州市西湖区益乐路39号','2016-03-18',0,0,'“典型”的贵州风味。“辣劲”比想象中的还过分，常常“边吃边掉眼泪”。蕨菜炒腊肉油水“蛮多”，腊肉“不少”',1,'.1458313417.png','.1458313417.png',1),(41,'朱记棒槌烧卖','浙江省杭州市下城区中山北路452号','2016-03-18',0,0,'点了烧卖，等了大概10多分钟，但是又不像是现蒸的。虾仁的和迷踪笋肉的很好吃，不油不腻而且鲜味十足',1,'.1458313635.png','.1458313635.png',1),(42,'小小馄饨店',' 浙江省杭州市上城区清泰街559-1号','2016-03-18',0,0,'小小馄饨店，传说中杭州最好吃的馄饨，皮薄馅儿多，有荠菜鲜肉的，芹菜鲜肉的，虾仁的，鲜肉的，香菜的，三鲜的，滋味顶\r\n好，一碗就能吃饱。',1,'.1458313771.png','.1458313771.png',1),(43,'慧娟面馆','浙江省杭州市上城区望江路130号','2016-03-18',0,0,'咖喱肥牛还是不错的～臭豆腐大咸，換了蕃茄酱稍好点～',1,'.1458313958.png','.1458313958.png',1),(44,'吴山烤禽','浙江省杭州市吴山路62号','2016-03-18',0,0,'由于生意太好了，每一次要去买的时候都要排队，也难怪，这家的味道实在太好了，让人流连忘返啊，该餐厅烤好的鸡肉外皮酥\r\n酥的、香香的，肉质嫩嫩的，味道非常的优秀，吴山烤禽店做的吴山烤鸡、素烧鹅、吴山烧鸡、烤鸭、烧鸡、熏鱼，烤鸡可谓一\r\n绝，做得很好吃，很多的人们喜欢，每天都供不应求，服务态度也是相当的不错！',1,'.1458314258.png','.1458314258.png',1),(45,'乐回头饺子店','浙江省杭州市西湖区天目山路131号','2016-03-18',0,0,'乐回头饺子店，既然以饺子来命名，当然是主要以饺子为主，该餐厅的饺子是按份卖的，一份15个，味道在杭州还算是很不错的\r\n了，不过饺子的个头偏小，男士吃一份恐怕不够，做得是地道的北方水饺，味道当然很好，生意很好的一家东北水饺店。该餐厅\r\n里面的水饺品种很多。,但是这家店的水饺个头不是很大,所以对于胃口好的人来说最起码要吃一碗半才会饱.并且服务是很好的。',1,'.1458314411.png','.1458314411.png',1),(46,'咬不得高祖生煎','  浙江省杭州市','2016-03-18',0,0,'人气还蛮高地，可惜我们去地太早了，还没到高峰，生煎都是提前烧好了冷掉了，味道一般般，倒是南瓜粥惊艳到了，可能最主\r\n要地原因是杭州水好，所以煮粥地味道更加清甜，一项另类地点了面疙瘩当早饭，不错哦，配料和面疙瘩都超足，我都没吃完，\r\n有点浪费',1,'.1458314642.png','.1458314642.png',1),(47,'忠儿面馆','  浙江省杭州市西湖区保俶路60号','2016-03-18',0,0,'这几口旧式煤炉烧着汤料，基本应该就是大骨头熬成的汤了，空气中弥漫着一股浓郁的煤气味，已经很多年没接触过蜂窝煤了，\r\n虽然味道有些呛鼻，但毕竟是儿时最熟悉的味道，一时间竟然有股莫名的“家”的感觉...',1,'.1458314757.png','.1458314757.png',1),(48,'天天旺酒楼','  浙江省杭州市上城区白傅路3号','2016-03-18',0,0,'传统的家庭小馆，就在西湖边上，很多人都是慕名而来。他家的醉虾真的是必点菜品，非常正宗。不过价格上有些小贵，但是偶\r\n尔尝试一次也不为过。虽然菜色一般，可特别受本地人的喜爱。',1,'.1458315265.png','.1458315265.png',1),(49,'菲乐餐厅','浙江省杭州市上城区湖滨路39号','2016-03-18',0,0,'  晚饭也可以说是夜宵了是在菲乐老店吃的，这顿饭是杭州这几天里给我留下印象最深的一顿。所有的菜锅气都很重，吃着非常\r\n非常香，能感觉出厨师的手艺。尤其是几道小炒菜，配着白粥呼噜呼噜两下一碗就进肚了。',1,'.1458315343.png','.1458315343.png',1),(50,'江南驿',' 浙江省杭州市西湖区|余杭区天竺路355号','2016-03-20',0,0,'椒麻鸡 米饭，因为想吃点蔬菜 点了菜花土豆，菜单上说的咖喱味 有感觉到，我猜是番茄酱混合咖喱～哪个都不突兀，哪个都独\r\n立存在 同时包容着对方 很奇特。',1,'.1458484197.png','.1458484197.png',1),(51,'文武煲爷','   浙江省杭州市西湖区天目山路276号支付宝大楼B1','2016-03-20',0,0,NULL,1,'.1458484626.png','.1458484626.png',1),(52,'老郑盐蘸牛肉','浙江省杭州市上城区江城路744-2号','2016-03-20',0,0,'来杭州的第一顿 因为在酒店附近 就去吃了\r\n要了特色盐蘸牛肉 还有个蔬菜煲 \r\n盐蘸牛肉给的蛮多的 至少有半斤 味道也还不错\r\n蔬菜煲里面 有鸡肉 虾 小白菜 粉丝 很大的一锅 \r\n吃完了胃都快爆炸了 太撑了',1,'.1458484701.png','.1458484701.png',1),(53,'小麦哥鲜笋烧卖',' 浙江省杭州市西湖区文三西路398号','2016-03-20',0,0,'店里环境很清爽，比较干净，黄橘色系的装修，所以挺让人有食欲的。\r\n点了鲜笋烧麦，豆浆和汤圆。烧麦好吃，豆浆要的咸的，很久没吃到了。不过酱油放多了咸了一点。吃汤圆的时候已经撑死了，\r\n所以也没细品。总体感觉还是不错的一家店。',1,'.1458484784.png','.1458484784.png',1),(54,'德天肥牛海鲜火锅',' 浙江省杭州市拱墅区 丰潭路430号丰元国际大厦4楼(城西银泰对面)','2016-03-20',0,0,'海鲜拼盘有小鲍鱼,象拔蚌,扇贝,北极贝和虾,小北极贝很好吃,小鲍鱼和虾也是不错的。虾滑Q弹,味道鲜美~肥牛就中规中矩吧。蔬\r\n菜面推荐,面条有嚼劲,桂花味很特别。',1,'.1458485260.png','.1458485260.png',1),(55,' 喜来稀肉',' 浙江省杭州市拱墅区城西银泰城5楼美食街5F08','2016-03-20',0,0,'还是想说这家店很合我的口味，小菜里的辣白菜和土豆泥都很不错。这次人多，点了好几种肉，护心肉和辣护心肉最招牌，也最\r\n嫩最可口，一上来就要先烤的肉；猪五花肉和其他店很像，换锅再烤出来够香；牛五花不肥，也是比较鲜嫩的肉',1,'.1458485385.png','.1458485385.png',1),(56,'柳氏家','浙江省杭州市西湖区文一路294号集盒3楼','2016-03-20',0,0,'我们三人点了一个豆芽锅加章鱼，服务员现场上来炒的，炒的时候锅外面还围了一圈铁皮防止油烟外溅。这点倒是考虑蛮周到\r\n的。有好大一锅，味道一般般，没有特别出彩的地方，满嘴都是韩国辣酱的味道。',1,'.1458485510.png','.1458485510.png',1),(57,'欧巴年糕','浙江省杭州市上城区庆春路87号中都百货4楼','2016-03-20',0,0,'我们点的是芝士年糕，年糕真的很Q很有嚼劲，我本来就对糯米类的东西毫无招架之力呀！味道还是赞赞滴，就是吃到后面有点\r\n小腻，饭团一定要吃啦，不然白来了噻，草莓牛奶我觉得瓶子很好看，但是味道真心一般般呐！个人觉得偶尔约会还是蛮增加情\r\n趣的噻',1,'.1458485701.png','.1458485701.png',1),(58,'锅内锅外','浙江省杭州市上城区凤起路539号','2016-03-20',0,0,'锅家的菜单又调整了，今天发现有蟹脚，号称海鲜自助的锅家海鲜是不少，冰面上有鱿鱼圈鱿鱼尾大虾梭子蟹鲳扁鱼豆腐鱼蛤\r\n蜊，烧烤档有烤秋刀鱼烤鲳扁鱼，还有现切的三文鱼',1,'.1458486007.png','.1458486007.png',1),(59,'觅语',' 浙江省杭州市上城区延安路111号清波商厦D座6楼','2016-03-20',0,0,'#竹荪鹅汤#这个真的很推荐，汤很鲜，而且不是味精的那种鲜，喝了很舒服，竹荪脆脆的很好吃，鹅肉也很香。\r\n#凤凰涅槃#其实就是手撕鸡，不过似乎家了醋或者柠檬汁一类的，吃起来很爽口。',1,'.1458486242.png','.1458486242.png',1),(60,'梁大妈妈菜馆',' 浙江省 杭州市下城区河东路98号(近文晖路)','2016-03-20',0,0,'这家店是我最难以自制的，已经推荐了无数朋友去吃，也都说很好，但没有我那么爱，吃了好几年，每年夏天要吃掉几千块，每\r\n年以十元的价格上涨，现在已经到了一份198，蛮贵，不过虾的质量的确不错，味道也是我欲罢不能的原因',1,'1.jpg','1.jpg',1),(61,'张胡李龙虾馆',' 浙江省杭州市拱墅区香积寺路291号(近上塘路)','2016-03-20',0,0,'很久没来这家店了，之前吃的手抓龙虾没有头的，这次的味道不好，还放了茶叶，怪怪的…酸菜鱼太淡不入味，秋葵和牛蛙还不\r\n错，花蛤份量太少，洋葱太多，玉米烙大家都爱吃，后来又点了一份',1,'.1458486531.png','.1458486531.png',1),(62,'鱼客忆口龙虾馆','浙江省杭州市拱墅区 胜利河美食街275-281号','2016-03-20',0,0,'小伙伴推荐的店~味道很好，作为一个吃着小龙虾长大的北方人来看。这家店虽然远不及北京湖南湖北的专业小龙虾，但在杭州\r\n来说已经很不错了。',1,'.1458486801.png','.1458486801.png',1),(63,'扬州龙虾','   浙江省杭州市西湖区 文一路与古翠路交叉口古翠路往北50米','2016-03-20',0,0,'终于等到老店新开，真的是太想念这家店的肥肠鱼了，这次点了不辣的，也很赞，黑鱼是一整条的量，分量特别足，鱼肉处理得\r\n超级嫩， 配菜的豆腐干也很好吃，还有时令的螺丝，超级鲜。环境干净，让人吃得放心。旁边桌点了两份小龙虾，下次一定要尝\r\n一尝。',1,'.1458487000.png','.1458487000.png',1),(64,'吓哺虾哺','浙江省杭州市下城区 德胜里36号','2016-03-20',0,0,'秘制辣辣味的，感觉还挺不错的，蟹和小龙虾都点的是秘制辣辣味的。蟹还是满大的，好象有五只左右。但小龙虾的个头比较\r\n小。小龙虾的头都是取掉的，感觉小龙虾更小了。但还是比较入味的。',1,'.1458487196.png','.1458487196.png',1),(65,'停不了龙虾大闸蟹','浙江省杭州市滨江区江晖路1930号东和时代1楼（星光大道2期步行街口）','2016-03-20',0,0,'心心念念这里的十三香小龙虾，但是来了之后突然其他味道也想试一下。\r\n点了香辣小龙虾，选择微辣，辣度刚刚好，但是比较起来，十三香的更好吃，还带点甜，这份小龙虾我加了土豆，土豆倒有点甜\r\n了，很好吃。',1,'.1458487342.png','.1458487342.png',1),(66,'快点小龙虾','浙江省杭州市下城区建国北路107号','2016-03-20',0,0,NULL,1,'.1458487545.png','.1458487545.png',1),(67,'美村龙虾王',' 浙江省杭州市西湖区文一路389号翠苑新村四区万塘路006号','2016-03-20',0,0,'这里的龙虾好吃到爆炸。特别是香辣小龙虾。一些小菜 鸡爪 海菜都是很美味的。就是卫生不怎么样 有时候为了好吃我也豁出去\r\n了。冬天时候改成美村火锅的 现在天热又改回龙虾了。',1,'.1458487743.png','.1458487743.png',1),(68,'怪味龙虾',' 浙江省杭州市下城区凤起路沿线 建国北路281号双牛大大厦2楼','2016-03-20',0,0,'点了飘香龙虾，据说是用绍兴梅干菜、安徽宣城老家自制的牛肉酱、郫县豆瓣酱和11种秘制调料制成，是甜辣的口味。还有椒盐\r\n龙虾，比较干，但不辣的，适合不喜欢辣的人吃。酸甜龙虾，超奇异的味道',1,'.1458487935.png','.1458487935.png',1),(69,'阿强面馆','浙江省 杭州市下城区凤起路沿线 建国北路281号双牛大大厦2楼','2016-03-20',0,0,'据说杭州排名第一的拌川，慕名前往。刚好店面新装修，没机会见到老店，但现在精致的装修风格也很不错。四个人四碗拌川，\r\n里脊腰花拌川很不错，腰花和肉片量都很足，面条细又韧，味道调的正正好。下次有机会再尝试下其他口味，很不错~',1,'.1458488159.png','.1458488159.png',1),(70,'奇米力烟囱卷','浙江省杭州市西湖区文一路294号与万塘路交叉口集盒237商铺','2016-03-20',0,0,' 在集盒的二楼，集盒里面装修的都好有个性的。就在电梯旁，去的时候几乎没人，人气比较萧条。点了单人套餐，现烤的要等十\r\n分钟，就去周围逛逛，很快。\r\n 老板态度很好，等待的时间里还会给你倒茶喝，茶的味道还不错。点了芝士烟囱卷，就是在里面涂了一层芝士。',1,'.1458488268.png','.1458488268.png',1),(71,'舍逸艺术餐厅',' 浙江省杭州市西湖区城西银泰 萍水路333号新武林门电器城201-3号','2016-03-20',0,0,'感觉像是坐在欧洲的古董店啊～贵妇的feel，哈哈～很爱这种花色的沙发，心情都美丽了～点了一份3-4人的套餐再外加一个菜，\r\n饱得发呆，服务员说菜量不大，呵呵。明明量很大诶～\r\n',1,'.1458488345.png','.1458488345.png',1),(72,'花藏面屋','  浙江省杭州市下城区湖滨商圈龙游路','2016-03-20',0,0,'就在银泰城的负一层。日式的小店。原味拉面和中华肉酱面味道很不错，汤汁很浓，不过要比味千的淡一点点。小料有辣椒油和\r\n炒过的蒜粒，倒是第一次见。和风炸鸡，鸡肉很肥，吃多么有点腻，还有个炸虾，很大一个，用蛋卷包的虾仁炸的，味道一般，\r\n吃多了腻。日式炸饺其实就是煎饺，中规中矩吧。',1,'.1458488757.png','.1458488757.png',1),(73,'神田川拉面','浙江省杭州市下城区庆春路118号嘉德广场内','2016-03-20',0,0,'有泡菜的产品，似乎我都还蛮棒场的，超爱酸菜泡菜类食物，因此神田川当然也是工作餐之选择之一，因为属于简餐类的，所以\r\n人相对比较多，店内环境和价格都适合，就是人太多，各种排队，座位是需要抢的，点单和付款也是需要抢的，哈哈，生意真\r\n好！',1,'.1458488980.png','.1458488980.png',1),(74,'中川道乐面',' 浙江省杭州市下城区平海路53号友好饭店西侧板桥路口','2016-03-20',0,0,'之前在市区吃过他家，超喜欢hiro酱炸鸡！\r\n天街这家位置不太好，很边角，生意也不太好。\r\n这次来店看到有套餐，就点了一份极味拉面、日式炸鸡、乌龙茶的套餐。',1,'.1458489199.png','.1458489199.png',1),(75,'廻鲜家回转寿司','浙江省杭州市上城区湖滨 平海路124号利星名品百货广场B1楼锅小二旁','2016-03-20',0,0,'店铺环境比较简单，并没有像锅里锅外那样颜色很鲜艳大胆。相对于那些店铺，这家店有一种淡淡的家庭氛围。服务员迎着我们\r\n进去了 里面有类似与卡座的位子，还有一边靠着墙的位子，餐具是自取自用的',1,'.1458489350.png','.1458489350.png',1),(76,'花季餐厅',' 浙江省杭州市拱墅区上塘路458号水晶城购物中心5楼505','2016-03-21',0,0,'娇滴滴牛肉确实挺好吃的，尤其是马蹄，清甜很脆，牛肉也很嫩，不过量真的好少！锅里一只鸡，冰鲜鸡，调制味道还可以，鸡\r\n肉本身太差。翻滚吧牛蛙，有一片吐司吸油的，根本不够吸，太油了，味道还可以，里面还有芋艿。',1,'.1458491443.png','.1458491443.png',1),(77,'木丸水产','浙江省杭州市上城区吴山广场/河坊街 延安路98号西湖银泰城2F209','2016-03-21',0,0,' 三文鱼 ] 48元六切肉质厚实，新鲜还有手磨和管装的瓦萨比可选\r\n [ 烤三文鱼头 ] 38元这个我是好像去哪家日料店都会点，咸淡适中',1,'.1458491767.png','.1458491767.png',1),(78,'味蓝云南餐厅','   浙江省杭州市上城区延安路179号解百新元华3楼','2016-03-21',0,0,'菜价很平民，尤其是那一块钱一筒的土豆泥，我们毫不犹豫人均叫了一份，哪知服务员嫌我们胃口小，说两种口味各点一份就\r\n行了，多了吃不完的。\r\n量果然不小，原味和辣味各有特色，细滑浓香。\r\n过桥米线，汤头鲜美，米粉滑韧，一人能吃下好几碗。',1,'.1458491918.png','.1458491918.png',1),(79,'岳腾香海鲜砂锅粥','  浙江省杭州市江干区下沙2号大街与25号大街交叉口宝龙广场澳门餐饮街','2016-03-21',0,0,'排骨砂锅粥：等了好久的，上了之后，马上喝一碗，味道不错，料还满足，排骨也很多，性价比杠杠的。而且粥浓稠度刚好，很\r\n鲜，吃多了会有点口渴。米的话，好像是比较细长的。而且砂锅粥，就是那种烫口的那种，就喜欢这种热腾腾的感觉。',1,'.1458543396.png','.1458543396.png',1),(80,'粥皇餐厅','   浙江省杭州市下城区庆春路沿线 延安路346号米兰假日酒店2楼','2016-03-21',0,0,'海鲜面包粥：有一颗小鲍鱼跟一些八爪鱼，粥挺厚的，底部的面包要比较用力才能挖起来，外壳烤的脆脆的\r\n叉烧没有很油，烤鸭的皮都是油，但是可以选择不吃皮，酱的话甜甜的，和一般港式的没什么差\r\n\r\n虾饺皇挺不错的，虾肉挺大份的，也挺嫩的，皮带点QQ的口感，但也挺薄的了\r\n榴莲酥大爱：榴莲肉挺多的，对于爱吃榴莲的人来说挺香的，皮也脆脆的',1,'.1458543536.png','.1458543536.png',1),(82,' 金橘餐厅','浙江省杭州市江干区新塘路/秋涛路沿线 景昙路18-26号银泰庆春店3楼','2016-03-21',0,0,'推荐什锦砂锅，里面的量很足，虾新鲜，土豆粉很Q，其他食材也很不错。两个人点个这个，再加一个菜就可以吃饱了。\r\n青豆玉米经常吃，味道还是棒棒哒，给宝宝吃很合适。\r\n另外点的高山菜心和泡椒鸭血也很爽口，尤其是泡椒辣的超级爽，吃了好多饭。\r\n甜品点了香芋绵绵冰，还可以，在甜品里性价比还是不错的。',1,'.1458543612.png','.1458543612.png',1),(83,'喝丢一只鞋',' 浙江省杭州市拱墅区湖墅南路 草营巷信义商街55-58号','2016-03-21',0,0,'肉类品质都挺不错的，肥牛，瘦牛肉，五花肉，鸡脆骨，大羊肉串，面包片，土豆片，虾，风干肠。。。。。特别推荐风干肠和\r\n鸡脆骨！看似扁扁的一盘，烤完就像平时吃的台湾烤肠样，小个子鼓鼓的，咬进去口味特别好。鸡脆骨也是其貌不扬的样子，被\r\n我们放到了后面再烤，没想到出奇好吃，脆脆的口感也不腻。',1,'.1458543673.png','.1458543673.png',1),(84,'兰慕咖啡',' 浙江省 杭州市下城区延安路沿线 凤起路451号','2016-03-21',0,0,'蛋糕好像是店里现做的，有许多做好的要外送。团购里的咖啡都蛮怪，选了黑糖生姜摩卡，生姜辣的味道不重，可以接受。面包\r\n可以任选，我选了最右边的北海道，个头大味道也不错！',1,'.1458543746.png','.1458543746.png',1),(85,'花坊笋丁烧卖','浙江省杭州市上城区平海路 延安路258号湖滨银泰2期B区B1楼B051铺   是否完成:','2016-03-21',0,0,'难得的人不是很多 烧麦的外皮相对比较有Q感 裹着的汤汁偏清淡 如果能再浓郁些 个人认为会更加好',1,'.1458543810.png','.1458543810.png',1),(86,'台式洋风早午餐','   浙江省杭州市江干区下沙 下沙华元十六街区150号','2016-03-21',0,0,'中式口味的猪肉汉堡，清爽的三明治及更多更多适合中国人口味的洋食。从早餐，到午餐，到全天供应，加上现在正流行的咖啡\r\n饮品，就是我们为您呈现的最新业态——台式洋风早午餐。DADIDO以小婴孩吃饱饭会发出的音节作为店名，意指要让大家吃\r\n的“开心，满意，现点，现做”。',1,'.1458543956.png','.1458543956.png',1),(87,'锄禾咖啡馆','浙江省杭州市滨江区开发区/高教园 江南大道3672-24号（通策广场北门）','2016-03-21',0,0,'某君每次都喜欢点提拉米苏，不管什么店，强迫症么？在我抗议下，换成了芝士蛋糕。小小的两块，味道还行，多了会腻。\r\n可惜三文鱼青芒色拉没有了，又吃了第一次感觉不错的南瓜杏仁色拉。\r\n光盘。。。',1,'.1458544033.png','.1458544033.png',1),(88,'homestead','浙江省 杭州市上城区湖滨 长生路37-2号','2016-03-21',0,0,'＃帕尔马火腿披萨，不是薄皮的，倒也不是特别厚的皮，中等，大小适中，两个人吃非常够了，就是吃到最后，帕尔玛火腿的\r\n咸味有点重，不知道可否想办法调节下。\r\n＃海鲜意面，朋友点的，尝了口面，不是那种劲道的意面。不属于我喜欢的口感！\r\n＃玫瑰拿铁，拿铁偏淡，有淡淡的玫瑰香。',1,'.1458544151.png','.1458544151.png',1),(89,'独门冲','浙江省 杭州市江干区城东 富春路701号万象城4楼420室','2016-03-21',0,0,NULL,1,'.1458544250.png','.1458544250.png',1),(90,'piggy','浙江省杭州市上城区湖滨银泰2期c区1楼','2016-03-21',0,0,'对小猪猪长草是源自杭州，小伙伴去杭州玩时大夸这家创意店，源自韩国，可爱极了。某评一下发现我大上海也有一家，果断约\r\n上小伙伴一起去拔草。',1,'.1458544606.png','.1458544606.png',1),(91,'如意馄饨','上海市上海市松江区文汇路300弄旁边','2016-03-21',0,0,' 特色酸菜馄饨粉（记不清楚名字了）还不错。有点酸和辣，挺适合我的。环境也还不错。\r\n 在万达金街这里，价格蛮实惠的。',1,'.1458544712.png','.1458544712.png',1),(92,'Balini &bali bistro',' 上海市静安区 万航渡路75号(近北京西路) ','2016-03-21',0,0,'为了拔草人道烘培坊顺便选的一家印尼菜。没想到还蛮出乎意料的。\r\n首先环境还蛮好的，很特别的是分了上下两层。楼下是吃下午茶的，楼上是吃正餐的。整体给人很干净，清净的感觉。因为我们\r\n是平时去的，所以人不算太多。吃饭时，周围还放印度音乐，而且装潢和摆设都很印度风。很适合今天这种阳光充足的日子。',1,'.1458544809.png','.1458544809.png',1),(93,'珊珊小笼馆','  上海市 闵行区 古美西路378号(万源路) ','2016-03-21',0,0,'每天上下班路过人都很多，菜肉混沌皮薄馅多，面也软硬刚好。小笼有七只汁水不是很多的那种。早餐店服务都一样，那个辣椒\r\n酱挺合我口味的。',1,'.1458544882.png','.1458544882.png',1),(94,'耳光馄饨',' 上海市 黄浦区 肇周路209-213号(近合肥路) ','2016-03-21',0,0,'板真是个有趣的人，店里有很多老上海的标志。正广和典故笑死我了，正广和竟然是水瓶座！然后那个弹力球是抽奖的1块钱一\r\n次，运气好能抽中炸猪排！还有话梅糖，大白兔，五香豆超老版本的包装哦！满满老上海的标志。',1,'.1458544955.png','.1458544955.png',1),(95,'大牌小档','上海市 普陀区 近铁广场B2层(13号线3号口) ','2016-03-21',0,0,'选了最不会犯错的本帮咸豆浆和咸蛋肉松粢饭团，经典搭配啊～店里环境很好，冬日的暖阳晒到店堂里，慵懒地都不想起身了，\r\n望着来往的车辆和人，有种悠然自得的感觉，因为急着赶电影场次，只能稍坐一会儿打包带走了，味道挺像小时候吃过的那种味\r\n道，咸浆咸淡正好，里面还有紫菜榨菜和油条，粢饭团挺敦实的一条，内容也挺丰富',1,'.1458545056.png','.1458545056.png',1),(96,'西湖醋鱼','浙江省杭州市西湖区得月楼','2016-03-21',0,0,'很不错的杭帮菜味觉体验，加之临窗的美景，真是享受。\r\n不过，不知为何进店就被带到冷清的二楼偏僻处点餐，后我们坚持才回到一楼，座位颇多，且更暖和。好在服务的阿姨热情周\r\n到，才免去心中不快。',1,'.1458545207.png','.1458545207.png',1),(97,'章鱼大丸子',' 上海市上海市长宁区古羊路427号','2016-03-21',0,0,'点了一份尝尝，老板的态度真是好的没话说，听他和人交谈好像是日本人，丸子料很足，20元一份，味道很不错！',1,'.1458545293.png','.1458545293.png',1),(98,'大和田',' 上海市上海市长宁区芙蓉江路81号','2016-03-21',0,0,'先说下五吃双人餐，性价比还是高的，如果都吃完会很饱。前菜，色拉没什么好说的。\r\n#香脆鳗鱼骨#出乎意料的好吃，物如其名又香又脆，底下铺的粗盐和黄芥末很搭。\r\n#烤鳗鱼醋物#开胃小菜，酸酸的味道不错。\r\n#碳烤鳗鱼串#这里的烤串不咸，家属觉得有点淡。\r\n#关东煮#汤挺鲜，内容是萝卜，海带，魔芋还有鱼饼。',1,'.1458545385.png','.1458545385.png',1),(99,'釜山火锅',' 上海市上海市杨浦区邯郸路397号（近国定路）','2016-03-21',0,0,'五花肉够厚，且肥瘦相间。烤的焦焦的，吃起来特别香。调味牛排也很不错，牛肉烤过后，完全不显得老，很香很嫩。大酱汤一\r\n如既往地下饭，喝着大酱汤，可以连吃两碗饭。今天尝试了烤口蘑，是吃过烤肉后解油腻的不二之选。',1,'.1458545516.png','.1458545516.png',1),(100,'关于我们','上海市上海市徐汇区永嘉路480号（近岳阳路）','2016-03-21',0,0,'店里灯光很好，拍照出来自带效果，棒棒嗒。套餐里有两杯软饮，除了巴黎水别的都可以，果断选了最爱的巧克力，朋友选了柠\r\n檬红茶，巧克力略甜，红茶略淡。第一道上来的是仔仔年糕，QQ的甜甜的很好吃，也完全不粘牙，好评，就是冷掉就有点硬\r\n了，还是建议趁热吃。',1,'.1458545603.png','.1458545603.png',1),(101,'一面春风','上海市上海市徐汇区吴兴路26号','2016-03-21',0,0,'推开金属把手进店后映入眼帘的是清新简约的装修，木质的装潢和温和的灯光，就坐后服务员会端上一杯清茶，扫了一眼菜单店\r\n家主营的是比较大众化的面点，食材选用都比较考究，点了一份切片的糖心蛋，加一份招牌的辣肉面，汤面和辣肉分碟摆放，价\r\n格确实是稍贵了，不过辣肉食材是真材实料的大肉块，辣酱里有淡淡的甜味',1,'.1458545724.png','.1458545724.png',1),(102,'大味鳗','上海市上海市徐汇区乌鲁木齐中路342号','2016-03-21',0,0,'必点的鳗鱼三吃，不负所望，香嫩。配上第二轮的海苔和第三轮的泡饭不由想到大阪的蟹乐道～一样的满分！\r\n秋葵没有一个个完整的那么爽脆，倒是朋友点的炸豆腐意外的外脆里嫩，好吃！',1,'.1458545793.png','.1458545793.png',1),(103,'荣记牛杂','  上海市上海市黄浦区田子坊210弄7号10室四合院角落（公社咖啡馆同院）','2016-03-21',0,0,' 汤是改良过的，咖喱味道不会太过浓郁，咸淡正好还有点甜咪咪的感觉，适合上海人口味。里面的牛大肠部位挺多，还蛮厚实带\r\n有嚼劲的，下次还会来尝下鱼蛋啊，面啊粉之类的。',1,'.1458545913.png','.1458545913.png',1),(104,'天辣绿色时尚餐厅','上海市上海市黄浦区日月光四楼XJH-14商铺','2016-03-21',0,0,'上菜前服务员会送上面包，说这是用来吸这道菜的油。\r\n虽然说是石锅，但是里面装着的是沸腾着的油，最上层一眼看上去都是红辣椒。\r\n牛蛙，量不算多，至少看上去没餐厅里另一道菜（香锅牛蛙）里的量多。\r\n油锅里另有配菜，紫山芋吧。',1,'.1458545998.png','.1458545998.png',1),(105,'合点寿司','上海市上海市黄浦区日月光四楼XJH-09商铺','2016-03-21',0,0,'「虾牛油果色拉」不知道是不是很久没来吃了感觉碗变小了。。菜也少了0-0 不过料还是很多的，依旧很好吃哈。\r\n「烤鹅肝寿司」口感超赞～鹅肝好肥～不过寿司是冷的所以吃起来怪怪的。。第二份放了一会再吃就是温温的啦超赞～',1,'.1458546065.png','.1458546065.png',1),(106,'山茶花韩国料理',' 上海市上海市黄浦区日月光四楼XJH-02商铺','2016-03-21',0,0,'本来想去吃日式烤肉的，走着就路过山茶花，老公说也不错，就临时决定吃韩式烧烤了。\r\n\r\n点了招牌烤肉组合，量很大，常吃的几种肉都会包含。\r\n\r\n点了个蘑菇 这个烤了很鲜的\r\n\r\n豆腐色拉 里面的豆腐很惊艳哦',1,'.1458546149.png','.1458546149.png',1),(107,'宋记香辣蟹','上海市上海市黄浦区日月光四楼TK06商铺','2016-03-21',0,0,'店名叫宋记香辣蟹，这个香辣蟹肯定要点的，有个虾蟹辉映考虑的蛮周全的，里面还有虾，蟹是青蟹有两只，虾应该是基围虾有\r\n四两，选的微辣。这个香辣蟹里本身就含有年糕、花生米、笋丁，所以配菜可以选些别的荤菜或素菜，就加点了牛百叶、厚百叶\r\n和红薯条。',1,'.1458546230.png','.1458546230.png',1),(108,'好好先生西餐厅','   上海市上海市黄浦区日月光四楼TK-05商铺','2016-03-21',0,0,'菜式摆盘精致，看了就有食欲。薄饼好香啊，能吃到龙虾片的味道，馅料也是丰富可口。鸟巢色拉，造型很美，四个起司球象四\r\n个鸟蛋，可爱。我们是食肉族，那个大烤盘是大爱，有咸猪肘、肋排、羊排、鸡翅，肉质鲜嫩，咸甜适中，有玉米片做底，正好\r\n吸掉了些油份，附菜有蔬菜色拉和薯条，正好可以解腻。',1,'.1458546299.png','.1458546299.png',1),(109,'左庭右院','  上海市上海市黄浦区日月光四楼RJ04商铺','2016-03-21',0,0,'这家店是小锅，点了感觉料最丰富的牛杂锅，然后就是各种肉，特别好吃，一扫去年的印象，每种都好吃，啊咔咔，其实看图片\r\n我也分不清是什么种类，反正大家随便点，不会出雷点，啊哈哈，饮料的薏米水也很健康。',1,'.1458546368.png','.1458546368.png',1),(110,'奔跑的猪排','上海市上海市普陀区武宁路99号我格广场B1楼','2016-03-21',0,0,'猪排炸得还可以，下面点了一层蔬菜，都是一次性纸盒包装比较方便卫生。还有主食和配菜，作为工作日午餐是很好的选择，不\r\n过旁边比较宽敞的座位不是他家的，营业员服务态度一般。',1,'.1458547285.png','.1458547285.png',1),(111,'毛胡子牛羊馆','上海市上海市普陀区武宁路2132号（近杨柳青路）','2016-03-21',0,0,'干煸四季豆，肉糜辣椒一起炒的，花椒放得蛮多，吃起来有点麻，刀豆炒得脆脆的。\r\n韭菜咸肉百叶丝，量足味鲜，韭菜很嫩，菜叶丝有韧性。\r\n烧烤类:羊肝每次必点，他们家考的比较熟，不见血的，同时口感比较干比较粉。\r\n羊排不是很大块的那种，和羊肉串差不多体积，连着骨头，瘦肥合适，比羊肉串好吃。',1,'.1458547945.png','.1458547945.png',1),(112,'浓情潮膳',' 上海市上海市浦东新区陆家嘴西路168号正大广场B2','2016-03-21',0,0,'点了一个全家福的丸子粿条，33元，各种丸子都会有一个，丸子很Q弹，面粉相对外面的丸子少很多，至于粿条的话，感觉介于\r\n米粉和面条中间的口感，软而不烂吧。',1,'.1458548046.png','.1458548046.png',1),(113,'修记烧烤','上海市上海市浦东新区德平路（近浦东大道）','2016-03-21',0,0,'带子，扇贝都超赞，而且汤汁除了有点油，味道很好，我都吃光\r\n另外还点了鸡胗，脆骨，掌中宝，鸡翅，牛肉，小鱿鱼，金针菇，香菇，牛舌等\r\n以前乳山路的也去过，这家好很多，比昌里路的都好吃，最后人均58，大满足',1,'.1458548171.png','.1458548171.png',1),(114,'龙柏396农家菜','上海市上海市闵行区龙柏新村黄桦路256号（红松路黄桦路）','2016-03-21',0,0,'张秃子手抓小龙虾烧鸡公 黄桦路店它的菜总体来说有4大类：卤的、炒的、烤的和凉拌的，基本上融合了川菜的特殊味道，大都\r\n味重香辣，正好在天热大家没什么胃口的时候刺激一下食欲。',1,'.1458548292.png','.1458548292.png',1),(115,'新町','上海市上海市卢湾区马当路159号新天地北里1-2楼','2016-03-21',0,0,'食材很新鲜。鳗鱼寿司，鳗鱼很大块，新鲜没有腥味，虽然没有很浓稠的烧汁，但是味道还是挺好的，本人大爱鳗鱼。牛肉纸\r\n锅，看着小小的东西也比较丰富啦，量还可以。广岛烧，是铁板现场烹饪挺有意思，蔬菜豆芽还有肉蛋，适合4个人分享，两人\r\n吃得有点饱',1,'1.jpg','1.jpg',1),(116,'静安小亭麻辣烫',' 上海市上海市静安区愚园路38号（常德路口）','2016-03-21',0,0,'现在不叫号了，换插卡的了，卡插在桌子上的小卡槽里，然后屏幕上会显示桌号，服务员会直接送来。当然装修了，换了新装备\r\n的代价就是全线涨价了，以前一个人20绝对能吃饱，现在么就当零食吃着玩吧，味道么还是一如既往的赞！',1,'.1458548688.png','.1458548688.png',1),(117,'绿杨村酒家','上海市上海市静安区南京西路763号（近石门一路）','2016-03-21',0,0,'【白切走地鸡】蛮嫩的，也挺鲜美！性价比还是不错哒。\r\n【四喜烤麸】老上海本帮菜，味道那叫一个甜！我喜欢吃的。\r\n【镇店蟹粉狮子头】纯蟹粉加猪肉制成，入口糯糯的，有弹性，不油腻，可以单只售卖，不过此款仅限堂吃有售，可以打包，\r\n就是外卖熟食的地方出售的狮子头不是同一种。还是这个好吃，不愧为镇店的！',1,'.1458549245.png','.1458549245.png',1),(118,'木屋韩国料理','  上海市上海市静安区南汇路73号二楼（近南京西路）','2016-03-21',0,0,'灯光暗暗的，感觉还蛮有情调的，点了烤肉和部队火锅。所以先上的烤肉，调味牛排和五位烤肉味道超赞，和泡菜一起卷在生菜\r\n里感觉老灵额！部队火锅的泡面是经典啊，哈哈哈！泡菜饼也不错，就是点多了，吃不下了已经。',1,'.1458549315.png','.1458549315.png',1),(119,'Uncle表叔',' 上海市上海市静安区富邦晶品中心','2016-03-21',0,0,'酥皮菠萝油：10元 菠萝油味道还可以，但是不够松软，不是吃过最好吃的，里面的黄油不够冰，没有冰火两重天的口感\r\n鲜虾云吞面：26元 云吞里除了虾仁还有笋，味道中规中矩\r\n烧味双拼：49元 叉烧和小排的组合，量和味道都一般般\r\n咖喱鱼蛋：13元 点击率最高的，其实就是咖喱烧鱼丸，咖喱还不错，个人很喜欢，有椰浆',1,'.1458549385.png','.1458549385.png',1),(120,'台北东一排骨',' 上海市上海市静安区','2016-03-21',0,0,'重头戏自然是大排，看着蛮大一块，其实非常油，一口下去都是油水。味道蛮好的，大排是腌制过的，炸的很透，肉吃在嘴里很\r\n是酥脆，怪不得德国人喜欢啊！',1,'.1458549457.png','.1458549457.png',1),(121,'Taco  love','  上海市上海市黄浦区南京东路','2016-03-21',0,0,'　Taco Love的装饰布置完全秉承了墨西哥风格，鲜艳明亮的色彩可以深深感受到这个民族的热情奔放，活泼好客。除了色彩，\r\n店里其他的小装饰也能让客人感受到墨西哥风土人情。餐厅的一面墙上挂着墨西哥特色面具和Frida Kahlo的画，天花板上也挂着\r\n各式从墨西哥进口的旗子。',1,'.1458549534.png','.1458549534.png',1),(122,'三宝粥铺',' 上海市上海市黄浦区金陵东路569号汇都国际2楼','2016-03-21',0,0,'【菠萝油条虾】：我朋友爱吃，这个我一般在港式里面不怎么点，因为很油，油条是炸出来的，然后里面嵌着虾，外面再浇了色\r\n拉酱，热量飙升，所以我也就吃了一个就不要吃了，一盘都是我朋友吃的',1,'.1458549636.png','.1458549636.png',1),(123,'云南过桥米线',' 上海市上海市黄浦区汉口路293号','2016-03-21',0,0,'点了三鲜，状元和牛腩过桥米线。都挺好吃哒，加点醋更棒！一个人一份妥妥吃得饱。',1,'.1458549785.png','.1458549785.png',1),(124,'老半斋','  上海市上海市黄浦区福州路600号（近浙江中路）','2016-03-21',0,0,'突然心血来潮想吃老字号饭店的一碗面，去了位于福州路上的老半斋，这座创建于1905年的老饭店至今还屹立在福州路上实属不\r\n易。门口有外卖窗口，熟食、特色卤味、糕团点心一应俱全，推门进店一股旧时国营企业的感觉扑面而来',1,'.1458549923.png','.1458549923.png',1),(125,'御龙港式点心','上海市上海市黄浦区','2016-03-21',0,0,'现在来福士大食代重新改造之后感觉这家港式的茶点还不错的，看名字是专门做点心的，不过其它的粥啊，煲仔饭这种的也有，\r\n基本上香港有的一些小吃点心这里也能找的到',1,'.1458549992.png','.1458549992.png',1),(126,'洪师傅牛肉面','上海市上海市黄浦区','2016-03-21',0,0,'第一次吃原味的觉得味道很纯正，面有劲道，牛肉的量是称过的，定量化管理。老婆点的番茄肥牛面，正价面送一瓶酸梅汤，番\r\n茄汤味道挺浓郁，肥牛质量好。总体来说，面很清爽，食材新鲜，口味纯正，还是挺不错的。',1,'.1458550061.png','.1458550061.png',1),(127,'安东鸡',' 上海市上海市虹口区西江湾路338弄龙之梦A栋3楼 ','2016-03-21',0,0,'话说招牌的安东鸡确实不错，上桌就闻见扑鼻的香味，大块的鸡肉酥软入味，浸在汤底的土豆胡萝卜粉丝辣椒等甜鲜浓郁。原\r\n味炸鸡外酥里嫩，金黄的外皮，鲜嫩多汁。还是特色名汤-参鸡汤，童子鸡配上枸杞黄芪当归等滋补食材，炖的汤鲜，回味甘\r\n甜，清爽好喝又养生。芝士排骨是用格子的大烤盘装，每个格子分别放鸡蛋羹，玉米沙拉，最抢眼的是有一层层芝士包裹的排\r\n骨，入口就是嫩滑肉肉与浓浓的芝士完美结合，好吃的停不下来。',1,'.1458550139.png','.1458550139.png',1),(128,'伊斯兰餐馆',' 上海市上海市虹口区四川北路2035号','2016-03-21',0,0,'牛肉小馄饨12/碗，皮薄肉好少，点了一次算尝个味道，下次点就点牛肉粉丝汤尝尝。羊肉水饺22元1O个，还没开吃皮有一个破\r\n的，和阿姨说了，阿姨服务态度很好，又及时给补了1个，羊肉味重，肉也新鲜，配上一碗牛肉汤，香而不腻，吃的不过瘾还可\r\n以买些烤串吃吃。',1,'.1458550211.png','.1458550211.png',1),(129,'韩妈妈台湾面馆','  上海市上海市黄浦区','2016-03-21',0,0,'简单的菜单，原来是来自台湾的面馆呀！韩妈妈，听名字还以为是韩国料理呢。\r\n中午套餐选择了48元的，老师点了卤肉饭，我是担担面，有三个配菜，有汤或者青菜，还有饮料，套餐蛮好的。',1,'.1458550275.png','.1458550275.png',1),(130,'Hello 董小姐','上海市上海市黄浦区','2016-03-21',0,0,'肉骨茶（白汤）使用顶级金华猪肋骨的滋补汤。白汤为潮州风格，白胡椒汤底为主，有点辣。\r\n肉骨茶（黑汤） \r\n这是一道使用顶级金华猪肋骨的滋补汤。黑汤带点中药材和酱油味。\r\n喝下来比较而言 感觉白汤药味略浓 黑汤胡椒味重 可能是融合菜的缘故 找不到在新加坡喝的肉骨茶颇具药理的神韵 骨头每碗\r\n只有一根',1,'.1458550343.png','.1458550343.png',1),(131,'塔哈尔新疆盛宴','上海市上海市黄浦区','2016-03-21',0,0,'烤羊肉、大盘鸡是必点的了，味道和耶里夏利差不多；拔丝地瓜很不错；菠菜也很特别（水里煮完，不知道在菜上洒了什么粉，\r\n很好吃）；还有个凉拌的菜叫不出名字（还为是沾料吃还是把料拌在菜里吃讨论了一番，最后嫌麻烦还是直接倒进去拌了吃\r\n了），羊肉汤很鲜美、也不那么膻',1,'.1458550621.png','.1458550621.png',1),(132,'一人前寿司','上海市上海市黄浦区马当路245号','2016-03-21',0,0,'焦糖三文鱼卷\r\n真的是必点的，可以选择半份或者一份，三文鱼入口即化，底下一层脆脆的炸物，口感丰富，调味正好\r\n鹅肝鸭胸肉卷\r\n顶层一小粒鹅肝一堆葱还不错但是鸭胸肉太咸了，卷里面包着一块西柚倒也是新鲜，整体口感顿时清新了起来',1,'.1458550720.png','.1458550720.png',1),(133,'艾尼巴餐厅',' 上海市上海市虹口区曲阳路759号','2016-03-21',0,0,'菜品还都蛮实惠的，羊肉串10块味道可以就是略筋筋拉拉，大盘鸡小份45口味也不错不过没配送皮带面，羊排有点一般了，馕\r\n10块一个很大，丁丁炒面很有嚼劲里面内容丰富但是羊肉丁明显边角料了都是超级筋筋拉拉望改进',1,'.1458550786.png','.1458550786.png',1),(134,'茉莉西餐厅','上海市上海市浦东新区碧云路178号','2016-03-21',0,0,'主菜西冷牛排，5分熟，水嫩，量足。吃完一块超级满足。',1,'.1458550883.png','.1458550883.png',1),(135,'好兄弟草原碳烤羊腿','上海市上海市闵行区紫藤路176号','2016-03-21',0,0,'烤羊腿，一个400多的羊腿实敦敦的，老板拿出去烤了足足有20多分钟才上桌，上来后切肉放在烤盘上，一边切一边滴下油，羊\r\n腿又是腌制好的，口味清淡的直接可以吃。如若觉得淡，还可以加辣椒粉或者孜然粉。吃起来很香。',1,'.1458550965.png','.1458550965.png',1),(136,'w1seafood','上海市上海市徐汇区乌鲁木齐南路甲1号3楼（东平路）','2016-03-21',0,0,'店里别有洞天，两层的，店内灯具很美，由于预约的早，进店还蛮清净的，我们选了靠窗的座位，灯光很柔和，看看外面的雨滴\r\n打在窗户上。点心盘放置的顺序也挺地道的，从下往上，从淡到浓，从先到甜，茶也很香，服务员态度也很好。',1,'1.jpg','1.jpg',1),(137,'七十七火锅','   上海市上海市普陀区胶州路945号3楼','2016-03-21',0,0,'【肥牛】无功无过，肉质新鲜，不易久煮\r\n【土豆宽粉】不会煮透明，有种吃北方面片的感觉，易入味\r\n【自制薄荷蜂蜜柠檬水】没第一次喝的薄荷味浓，柠檬味道也不是很明显，配火锅应该算健康解辣啦',1,'.1458551127.png','.1458551127.png',1),(138,'巴蜀龙门火锅','上海市上海市静安区南京西路698号698广场4楼','2016-03-21',0,0,'一坐下来，便上了两碗红糖冰粉，爽爽滑滑清甜可口。跟火锅一起吃下去超级解辣！甲鱼锅还真可爱，就是妈妈说小姑娘不能吃\r\n甲鱼，我也就只能吃辣锅，但这个辣真的是辣到不行啊！我吃一口菜就已经嘴唇发麻，有人告诉我为何微辣微麻还这么辣！然后\r\n麻辣牛肉味道不错，肉不老，有点像撒了辣粉的蚝油牛肉，也不辣，米道老好额。',1,'.1458551247.png','.1458551247.png',1),(139,'Captain rooster',' 上海市上海市静安区常熟路75号','2016-03-21',0,0,'半只鸡已经不少了，炸鸡的味道也不错。\r\n红薯条是细的哪种，味道也不错，个人觉得粗的更棒。\r\n烤玉米的味道有些猎奇，甜玉米本身不太好，不算甜，也不多汁\r\n#姜汁冰激凌#有趣的饮品，用吸管喝的第一口，会有气涌上来。据说和隔壁三家其实是一家，香草冰激凌和charlie\'s的味道一\r\n样。姜汁喝起来果然有点像清凉油诶。',1,'.1458551314.png','.1458551314.png',1),(140,' 豆苗工坊','上海市上海市浦东新区陆家嘴西路168号B2楼06-07室','2016-03-21',0,0,'银鳕鱼小老，但是口感很不错，肉质紧实。\r\n吃不惯夹生的猪颈肉，味道其实还可以，就是中间生的也不好切。边上熟的就还好。可能是如果中间熟了肉就老了\r\n藜麦饭当中有芹菜有洋葱，是生洋葱…吃完唇齿留洋葱味一下午…\r\n最喜欢的还是南瓜苹果酸奶油了！每次必点！',1,'.1458551393.png','.1458551393.png',1),(141,'梦奇屋','    上海市上海市静安区武定路974号','2016-03-21',0,0,'再访munchies，之前貌不惊人的外地服务员都不见了，服务员变成年轻有活力的女老外（会说点中文的），老外老板亲自驻店监\r\n控厨房和外场，之前慵懒的老店氛围一扫而空，服务变得热情有效率，价钱一样，摆盘比之前用心，口味也细致多了，真是很意\r\n外的惊喜，必须要好好称赞一下！以后会常来！',1,'.1458551453.png','.1458551453.png',1),(142,'云山水缙云烧饼','上海市上海市普陀区真光路1288号中环百联B111','2016-03-21',0,0,'老板把木桶的盖子打开 下面就是通红的火炉里边一圈是桶型灶壁 只见老板将做好的烧饼翻在右手深入火炉直接贴于炉灶内壁 当\r\n敷满饼后盖上盖子20分钟打开盖子 用夹子将烤熟的烧饼取出来 但见烧饼个个饱满发光 黄而不焦 干而不油 金黄中有翠绿 白面中\r\n有芝麻 就冲这个品相就令人胃口大开',1,'.1458551521.png','.1458551521.png',1),(143,'新加坡酿豆腐',' 上海市上海市徐汇区宜山路455号光启城B2楼','2016-03-21',0,0,'当然我点的是捞烫类的，品种说实话不多，而且基本上都是号称手工制作的，都是三元以上一个品种且只有一个或二个，量着实\r\n不大，素菜再烫一下基本上就没啥了，点完菜有三个汤底，我选的是酸酸的甜甜的第三个汤底，名字给忘了，看上去辣，实际倒\r\n是不辣，还有主食可加，是什么乌冬面，油面之类的',1,'.1458551613.png','.1458551613.png',1),(144,'高佬车仔面','上海市上海市卢湾区陕西南路350号甲','2016-03-21',0,0,'老板用了半年时间找食材和调味料，希望做出100%香港味道的车仔面。 12种香料调出来的咖哩汁、秘制猪骨老鸡大地鱼汤底、\r\n进口肠仔和午餐肉、潮州直送炸鱼皮',1,'1.jpg','1.jpg',1),(145,'cyclo',' 上海市上海市静安区陕西北路678号','2016-03-21',0,0,'约会不错，很有情调。昏昏暗暗的暖色调黄灯，摆设也挺温馨的，整个店不吵闹、适合聊天。菜式属于做精致的那卦，大胃王估\r\n计是吃不饱的。基本上每道都在五六十多样子，摆盘却很西式。还好我们几个都是小胃口。越南菜和泰国菜的区别我始终是不知\r\n道的，不过我都很喜欢。酸酸甜甜很符合我的口味。',1,'.1458551733.png','.1458551733.png',1),(146,'彩泥云南菜',' 上海市上海市黄浦区人民广场百联世贸商场5楼','2016-03-21',0,0,'香煎石屏豆腐，有点像臭豆腐，但不同于臭豆腐的是，里面豆腐的口感更偏向老豆腐、冻豆腐的口感。味道还可以，就是里面不\r\n入味，但是配了粉可以蘸着吃。\r\n傣家烤罗非鱼，和之前吃的罗非鱼不大一样，比较偏湿润，不会太干，鱼肉还是很香很嫩的，还不错。',1,'.1458551798.png','.1458551798.png',1),(147,'爱鸡宴','    上海市上海市闵行区银亭路66号滨崎广场1D','2016-03-21',0,0,'主要以汤饭主食和鸡的各种料理为主，我们点了大份的东大门韩方一只鸡(至今都不知道韩方和一般的有啥区别)，加了鸡肉粥和\r\n活章鱼，一份土豆饼，半份甜辣炸鸡半份蔬菜炸鸡，一瓶米酒。送的配菜还挺多的，泡菜真是给我留下了深刻的印象，除了原料\r\n是大白菜，味道根本就不是泡菜味，以甜味为主不怎么辣，居然还挺好吃的，我也是震惊了。',1,'.1458551869.png','.1458551869.png',1),(148,'锦驴湾驴肉火烧',' 上海市上海市浦东新区航头路1042号','2016-03-21',0,0,'那个驴肉火烧味道还可以，不油不腻，挺适合我这种口味偏清淡的，里面绿色的好像是辣椒吗，不过没辣味，小米粥么也就是普\r\n通的小米粥了',1,'.1458566720.png','.1458566720.png',1),(149,'co cheese melt bar','  上海市上海市静安区愚园路32号近常德路','2016-03-21',0,0,'很好吃！！！芝士融化在里面，外面的面包是脆脆的！很好吃！就是等了蛮久的我记得\r\n我还点了一碗番茄汤。味道一吃就是外国口味的，也不错，很浓郁，不习惯的人可能也会有。\r\n店员一位女生 英语很好，态度也很好~满分！我看老板好像是外国人',1,'.1458566802.png','.1458566802.png',1),(150,'沃乐比披萨','上海市上海市普陀区澳门路477号4楼1043室','2016-03-21',0,0,'点了精选至尊牛肉pizza，薄薄脆脆的底是偶的最爱~老外老板放料像不要钱一样~现在周三pizza有优惠哦~100元2个哦~还是12寸\r\n哦~还是很划算的~\r\n乳香意面很Q弹~推荐~',1,'.1458567002.png','.1458567002.png',1),(151,'cookeys','上海市上海市长宁区茅台路179号金虹桥国际商场','2016-03-21',0,0,'泰式鲜虾色拉#就一般的色拉味道，里面还有西柚的，感觉点的菜里面算是好吃的了。\r\n芝士奶油培根面#很普通，帮外面意面味道差不多。\r\n彩虹蛋糕#吃了两口就不吃了，味道很奇怪的而且一股色素味。',1,'.1458567107.png','.1458567107.png',1),(152,'如愿骨烤鸡店','上海市上海市静安区常德路888-3号  ','2016-03-21',0,0,'香料烤鸡：水平还不错，鸡肉比较嫩，吃到胸肉也没有很柴，还是有油脂和汁水的，不过也算不得非常优秀。沾上酱料更美\r\n味。\r\n\r\n烤南瓜糯软。烤秋葵倒不错吃，胜在酱料。\r\n\r\n招牌鸡翅：炸得外皮有点脆，主要靠酱汁调味，酱汁倒是颇为中式，酱油蒜泥姜末一类的，还带着一些酸味，总的来说调味还\r\n不错，但鸡肉还是老了点。\r\n',1,'.1458567265.png','.1458567265.png',1),(153,'九红门火锅',' 上海市上海市静安区胶州路947号','2016-03-21',0,0,'上海最有逼格的火锅餐厅—半自助式+《变形金刚》+火锅=九门红火锅',1,'.1458567382.png','.1458567382.png',1),(154,'火车栈',' 上海市上海市闵行区浦江镇江月路1500号','2016-03-21',0,0,'位置有点偏，不过还算是有些文艺范，大众点评团购的住宿券价格还算适当，点餐价格在这个地段算是较贵。',1,'.1458567713.png','.1458567713.png',1),(155,'老工厂重庆火锅',' 上海市上海市徐汇区南丹东路108号','2016-03-21',0,0,'本来是去吃辣府的，跑到门口太多人排队，正好楼上传来重庆火锅的香味，想想应该味道也不会差到哪里，勇往向上！如果直\r\n接吃老工厂，楼下有部小电梯可以直达。\r\n点了鸳鸯火锅中辣的锅底，上菜速度好快！\r\n重庆特色菜：毛肚、鹅肠、豆皮、黄喉点起，调料每人5元，品种还蛮多的，自己调！肥牛不错，点上2份。',1,'.1458567909.png','.1458567909.png',1),(156,'华哥龙虾坊',' 上海市上海市卢湾区寿宁路12号','2016-03-21',0,0,'每一道菜都是大爱啊，椒盐濑尿虾和小龙虾除了剥壳麻烦，其他简直没有确定，热腾腾的超级入味，吃的停不下来～螺丝有点\r\n辣，一个个嘬才有味，蒜蓉扇贝满满蒜香，烤青椒不辣很好吃～',1,'.1458568311.png','.1458568311.png',1),(157,'不争天下秘制龙虾',' 上海市上海市徐汇区斜土路1179-1号','2016-03-21',0,0,'点了秘制龙虾，98元一份，大概两斤左右，是带汤汁的，味道非常不错，微辣，很入味，四个人吃了五份。',1,'.1458568430.png','.1458568430.png',1),(158,'煲宫','  上海市上海市黄浦区多家分店','2016-03-21',0,0,'特色锅底可以选择各式养生猪肚鸡锅底，或者老火浓汤锅底，因为我对猪肚不是太感兴趣，所以选择了少胡椒的老火浓汤锅底。\r\n锅底里除了汤汁外，只有一些菌菇和枸杞、红枣。服务员说，汤很不错，可以先喝一碗。盛了一碗喝，蛮鲜的。',1,'.1458568501.png','.1458568501.png',1),(159,'鼎尊锅物料理','上海市上海市黄浦区多家分店','2016-03-21',0,0,'我们点了份猪肚鸡锅，要求加胡椒粉，可是个人感觉这个汤胡椒粉盖过了汤的本身鲜味，后来加了几次汤后倒感觉正好，挺鲜\r\n的。猪肚好吃，脆脆的有嚼劲。竹笙和炸豆皮串在汤里真的是很好吃啊，口感清爽。那个芝士虾丸好大个，芝士又多，吃在嘴里\r\n有种饱食感，不错。',1,'.1458568576.png','.1458568576.png',1),(160,'兔当家',' 上海市上海市长宁区武夷路433号','2016-03-21',0,0,' 先说最爱的一个香烤猪蹄，烤出来的颜色很丑，看上去非常吓人，颜色么么黑，但是皮脆里嫩，又很入味，虽然猪蹄有点肥腻，\r\n但是都是胶原蛋白，好吃不会胖，所以觉得还是很好吃的！推荐！',1,'.1458568641.png','.1458568641.png',1),(161,'付小姐在成都','  上海市上海市卢湾区斜徐路585号','2016-03-21',0,0,'老妈蹄花 —— 蹄花口感很软，很轻易就可以撕下来品尝，猪蹄去毛去腥的手法不错\r\n汤呈现奶白色，上面有葱花和芝麻，味道浓郁鲜美！滋补佳品\r\n\r\n红糖糍粑 —— 糍粑蘸着黑糖吃的，糯糯香香的 ，切成长方形长条状\r\n也是很推荐 值得点的一道菜。\r\n',1,'.1458568694.png','.1458568694.png',1),(162,'辣串门麻辣料理馆',' 上海市上海市长宁区安顺路88号','2016-03-21',0,0,'第一次持四川串串，原来是要买锅底的，要了个微辣的，保守一些点了四五串菜，又要了个油碟，对了，我今天还点了个冒脑\r\n花，第一次吃猪脑哟！给了这家店。说实话，如果不是重油重辣，我真不敢吃脑花。',1,'.1458568760.png','.1458568760.png',1),(163,'阿莉家的面',' 上海市上海市普陀区枣阳路394号','2016-03-21',0,0,' 但是葱油拌面依旧很好吃啊！加上他家的小黄瓜的醋溜汤，简直完美，小黄瓜又酸又甜，味道是百吃不厌。',1,'.1458568833.png','.1458568833.png',1),(164,'味满','     上海市上海市徐汇区襄阳北路97号-1','2016-03-21',0,0,'热菜-韩国粉丝煲：味道中规中矩，有几只虾、蛋皮丝、青椒丝、红椒丝还有肉丝。主要这粉丝很Q弹有嚼劲不错！\r\n主食-当然就是那碗鸡汤馄饨：鸡汤是¥28一碗，馄饨是¥2一只但8只起买，只能选一种口味的馄饨，最后选了不太见的刀豆肉馅\r\n的，加起来这一碗也不便宜了。',1,'.1458568895.png','.1458568895.png',1),(165,' 万寿斋','  上海市上海市虹口区山阴路123号','2016-03-21',0,0,'我们冲着小笼来的，就点了一笼小笼，再加一碗牛肉汤和葱油拌面加辣肉浇头，小笼一笼是二两，一两8只，个头比外面其他家\r\n的小一些，但味道蛮不错，汤汁有点甜但又不像无锡小笼那样太甜，感觉这款更适合我们上海人口味',1,'.1458568977.png','.1458568977.png',1),(166,'四如春食府','  上海市上海市普陀区石泉路72号','2016-03-21',0,0,'菜好了会直接给你端上来的。我们点了虾米芹菜，酒香草头，蚝油鱼面筋，韭菜炒鳝丝，鱼头豆腐汤，八宝辣酱，主食是锅贴，\r\n朋友竟然吃的赞不绝口，可见百年老店还不是吹出来的',1,'.1458569036.png','.1458569036.png',1),(167,'美心点心店','   上海市上海市静安区陕西北路105号','2016-03-21',0,0,'肉陷较之甜陷大之，肉馅紧实有汤汁些许;\r\n甜陷基本一口一只，内陷以黑芝麻拌猪油入，俗称“黑洋酥”，口感香甜，食多恐腻;',1,'.1458569098.png','.1458569098.png',1),(168,'面道好','  上海市上海市黄浦区皇家阙路133号','2016-03-21',0,0,'店面很小只有5张桌子，环境看上去还挺卫生的，点的笋丁辣肉加炸猪排，感觉都太油了，猪排外面的面粉很厚，吸满油很腻，\r\n面味道还行，笋给得挺多',1,'.1458569164.png','.1458569164.png',1),(169,'贵圈乱串',' 上海市上海市黄浦区西藏南路177号','2016-03-21',0,0,'环境不错 蛮干净得 上菜速度也还可以 不慢 小菜蛮开胃の 是腌制过的萝卜 豆腐蛮好吃得 很软 容易碎 所以建议吃豆腐得时候还\r\n是用调羹 不然用筷子捡不起来 鱼片一般 其他的都还可以 凉皮也蛮好次得',1,'.1458569229.png','.1458569229.png',1),(170,'大有签坤串串香火锅',' 上海市上海市徐汇区天钥桥星游城5楼普陀区长寿路388号','2016-03-21',0,0,'串串和隔壁的酸菜鱼是一个老板开的，所以可以说两家店是同一家，吃串串就会选火锅锅底，吃火锅也能去隔壁拿串串。',1,'.1458569310.png','.1458569310.png',1),(171,'辣哦来哦串串香','    上海市上海市普陀区武宁路205号2楼','2016-03-21',0,0,'在二楼，窄窄的楼梯上楼，上面空间还算大，中午人并不多，中午有套餐A和B，就是串串配酸辣粉或小面，蛮辣蛮好吃哒，我们\r\n另外点的红油抄手和脆皮香蕉，红糖冰粉，都好吃，最后用手机买单便宜了十几元，人均30吃得非常豪华哈哈哈。',1,'.1458569410.png','.1458569410.png',1),(172,'老灵额程度串串香','  上海市上海市静安区万航渡路172号','2016-03-21',0,0,'素菜一般都是1-2元一份,一份就是一串,一串上面就是几片薄薄的,两个人吃的话可以主食点个酸辣粉或者担担面,老妈蹄花真的很\r\n好吃,汤底很浓,里面还有豆呢。\r\n不够吃的话可以在加菜,汤底可以点微辣,然后要辣的话再加一点辣酱都是可以的。',1,'.1458569859.png','.1458569859.png',1),(173,'小喜田私粉','  上海市上海市杨浦区大学路63弄5号103','2016-03-21',0,0,'熟门熟路的同事请我们吃的，牛炒米粉超级好吃，因为新疆米粉比吃到得任何一种米粉都要粗且有韧劲。加了野蘑菇和酸菜之后\r\n风味更佳浓郁了，一口接一口根本停不下来。辣度有不辣，微微辣，微辣，中辣，重辣和变态辣。',1,'.1458570103.png','.1458570103.png',1),(174,'cha\'s',' 上海市上海市黄浦区思南路30-4楼近淮海中路','2016-03-21',0,0,'#原味冰奶茶# 24元。正宗的港式奶茶，茶味非常浓郁，茶色也超美。\r\n推荐的人很多，果然不虚传。不过性价比一般。\r\n\r\n#干炒牛河# 38元。妹纸点的，她很是喜欢这个菜呢。\r\n感觉这家挨也是中等偏上的水准，牛肉和河粉的口感都控制得不错。',1,'.1458570160.png','.1458570160.png',1),(175,' 新旺茶餐厅','       上海市上海市黄浦区汉口路310号','2016-03-21',0,0,'走进店堂，里面宽敞明亮客人不多，和lg两人点了两个菠萝油，新旺的菠萝油一直是做得不错的，热呼呼的菠萝油加进冰镇的黄\r\n油，味道是经典的。点了一份鱼蛋米粉，主要是我想喝鱼蛋汤，喝完这汤吃了里面的鱼蛋',1,'.1458570250.png','.1458570250.png',1),(176,'茉菓','上海市上海市静安区南京西路1818号188广场3F','2016-03-21',0,0,'新开的时候来吃过，和闺蜜雾霾天工作日约一个，真爱啊。味道不错，还算是比较有创意的。汤是茶壶倒在食材里，挺有意思\r\n的。面的味道不错。开在1788这个人气不是很旺的广场里生意还不错。',1,'.1458570393.png','.1458570393.png',1),(177,'五月罗马海鲜自助','上海市上海市徐汇区漕溪北路339号百脑汇2期5楼（近地铁1,9号线徐家汇站45号口出）','2016-03-21',0,0,'吃过好几次，一定要第一批去吃，东西多，选择多，水果一进去就要拿，好的水果一批拿完就没有了',1,'.1458570485.png','.1458570485.png',1),(178,'souperfresh','上海市上海市闵行区虹梅路 虹梅路3213号红春大厦1楼M店','2016-03-21',0,0,'推荐店家自己拌的几款沙拉 皮塔饼配hummus和地中海酸奶酱 罗勒酱和红酒橄榄油酱不错 小玉米玛芬里玉米蛮多的也不会过甜\r\n就是比较干 焗黄咖喱鸡肉饭很喜欢 拉法卷比三明治好很多 意面有很多种 红酒牛肉饭 奶油鸡肉饭 咖喱饭 汤最爱香茅南瓜虾和奶\r\n油蛤蜊汤',1,'.1458570670.png','.1458570670.png',1),(179,'南京大排档',' 江苏省南京市玄武区中山路18号德基广场','2016-03-21',0,0,'【美龄粥】很好奇用豆浆煮的粥是什么味道，这次尝到了，确实还不错。26元是一大碗，够两人吃的。豆浆吃的出来是现磨\r\n的，豆子的香味很浓郁。甜甜的，但是吃多了会腻。\r\n【桂花糖芋苗】甜甜的芋头是最爱，软软糯糯的一个个，很可爱。不会过甜。还可以\r\n【狮子头】一个挺大的，汤很鲜的，但是太肥了，两个人都没吃完。',1,'.1458571014.png','.1458571014.png',1),(180,'东吴面馆','江苏省苏州市吴中区星州街1号','2016-03-21',0,0,'东吴面馆是老苏州钟爱的传统面馆。无论搭上哪种浇头都好吃，而且价格不贵。',1,'.1458571332.png','.1458571332.png',1),(181,'杭州臭豆腐','浙江省杭州市上城区杭州妇保医院对面8路车站','2016-03-21',0,1,'本身想去吃那个御街第一臭，结果误打误撞买了这家的。味道稍微差一些，不过也比之前吃过的好吃很多。外酥里嫩，酱料的味\r\n道也很赞',1,'.1458571549.png','.1458571549.png',1);

/*Table structure for table `mk_note_collect` */

DROP TABLE IF EXISTS `mk_note_collect`;

CREATE TABLE `mk_note_collect` (
  `collectid` int(255) unsigned NOT NULL AUTO_INCREMENT,
  `noteid` int(255) NOT NULL,
  `userid` int(255) NOT NULL,
  `collecttime` varchar(128) NOT NULL DEFAULT '2016-1-1',
  PRIMARY KEY (`collectid`)
) ENGINE=InnoDB AUTO_INCREMENT=27 DEFAULT CHARSET=utf8;

/*Data for the table `mk_note_collect` */

insert  into `mk_note_collect`(`collectid`,`noteid`,`userid`,`collecttime`) values (16,14,2,'2016-02-27'),(17,13,2,'2016-02-27'),(18,6,2,'2016-02-27'),(19,5,2,'2016-02-27'),(21,15,2,'2016-02-28'),(22,5,4,'2016-02-28'),(26,16,1,'2016-03-13');

/*Table structure for table `mk_note_discuss` */

DROP TABLE IF EXISTS `mk_note_discuss`;

CREATE TABLE `mk_note_discuss` (
  `discussid` int(255) unsigned NOT NULL AUTO_INCREMENT,
  `noteid` int(255) NOT NULL,
  `userid` int(255) NOT NULL,
  `discusstime` varchar(255) NOT NULL DEFAULT '2016-1-1',
  `discusstext` text NOT NULL,
  `discusslikecount` int(255) NOT NULL DEFAULT '0',
  `isdelete` int(1) NOT NULL DEFAULT '0',
  PRIMARY KEY (`discussid`)
) ENGINE=InnoDB AUTO_INCREMENT=37 DEFAULT CHARSET=utf8;

/*Data for the table `mk_note_discuss` */

insert  into `mk_note_discuss`(`discussid`,`noteid`,`userid`,`discusstime`,`discusstext`,`discusslikecount`,`isdelete`) values (1,1,2,'2016-02-03','no',1,1),(2,0,1,'2016-02-03','很不错!',0,0),(3,1,2,'2016-02-03','很不错!',1,0),(4,2,1,'2016-02-26','no',1,1),(5,3,1,'2016-02-26','no',0,1),(6,3,1,'2016-02-26','no',0,1),(7,4,1,'2016-02-26','no',0,1),(8,4,1,'2016-02-26','no',0,1),(9,4,1,'2016-02-26','no',0,1),(10,11,1,'2016-02-27','no',0,1),(11,4,1,'2016-02-27','no',0,1),(12,4,1,'2016-02-27','no',0,1),(13,4,1,'2016-02-27','no',0,1),(14,5,1,'2016-02-27','no',1,1),(15,2,1,'2016-02-27','&lt;h4&gt;\r\n	&lt;span style=&quot;color:#BBB;&quot;&gt;&lt;s&gt;该评论已删除&lt;/s&gt;&lt;/span&gt;\r\n&lt;/h4&gt;',0,0),(16,2,1,'2016-02-27','&lt;span class=&quot;text-center&quot;&gt;暂无其他信&lt;/span&gt;',0,0),(17,2,1,'2016-02-27','很不错!',0,0),(18,2,1,'2016-02-27','很不错!',0,0),(19,2,1,'2016-02-27','很不错!',0,0),(20,2,1,'2016-02-27','很不错!',0,0),(21,2,1,'2016-02-27','很不错!',0,0),(22,2,1,'2016-02-27','很不错!',0,0),(23,2,1,'2016-02-27','很不错!',0,0),(24,2,1,'2016-02-27','很不错!',0,0),(25,2,1,'2016-02-27','很不错!',0,0),(26,14,1,'2016-02-27','no',0,1),(27,16,2,'2016-02-27','no',1,1),(28,16,4,'2016-02-28','很不错!',1,0),(29,16,1,'2016-03-03','no',0,1),(30,15,1,'2016-03-04','no',1,1),(31,15,1,'2016-03-04','很不错!',0,0),(32,16,1,'2016-03-09','no',0,1),(33,16,1,'2016-03-11','no',0,1),(34,16,1,'2016-03-11','no',1,1),(35,13,8,'2016-03-16','&lt;h2&gt;\r\n	介绍下自己和所做的工作吧\r\n&lt;/h2&gt;\r\n&lt;p&gt;\r\n	Hello，大家好，我叫蜜儿，是一名两性专栏作家。很高兴能在 一早一晚 跟大家认识。我有成立自己的工作室，叫 &lt;a href=&quot;http://weixin.sogou.com/gzh?openid=oIWsFtwh8Xr-xTVgl_PtKX-hCC1A&amp;amp;ext=7muVIkIDeYuaN952g0W_ExRzb_aVwoxpoCC015SrkKiD4ne5fkbjmV83wpeCgNsZ&quot;&gt;蜜之私语&lt;/a&gt;。除了支持我自己的自媒体品牌之外，还通过一些包括小说，软文，剧本等在内形式跟外部一些平台进行跨界合作。\r\n&lt;/p&gt;\r\n&lt;h2&gt;\r\n	说说两性吧，这确实是个男人女人都感兴趣的话题\r\n&lt;/h2&gt;\r\n&lt;p&gt;\r\n	其实，写两性这一块，我自己也挺意外的。在此之前，我并没有接触过这个领域。像现在大家都知道的李银河，木子美，冯唐，我也是后来我的粉丝们告诉我，我才知道的她们。\r\n&lt;/p&gt;\r\n&lt;p&gt;\r\n	一\r\n开始大家知道我，其实是通过我写的一部性爱小说。最初是因为当时社会上的诸如小朋友的堕胎，社会上的感情诈骗日渐增多，让我觉得国内的性教育其实还是相当\r\n的匮乏。我有一个读初中的表妹，跟她聊的时候，她告诉我她的学校在这一块几乎是空白。让我很是惊讶。距离我上初中已经十几块二十年了，学校的性教育还是不\r\n受重视。\r\n&lt;/p&gt;\r\n&lt;p&gt;\r\n	我记得我写的第一篇文章是关于意外怀孕的，写一个女孩子因为没有采取避孕措施，导致怀孕，去堕胎，后来造成一系列的影响。是个挺让人痛心的故事。把它写出来是希望更多人的能得到警示。尤其是年轻的女孩子，在性这一块，对自己的保护意识要加强。\r\n&lt;/p&gt;\r\n&lt;h2&gt;\r\n	问一个很多人都想问，应该也问了很多遍的问题——你为什么写两性？\r\n&lt;/h2&gt;\r\n&lt;p&gt;\r\n	中\r\n国在这方面是一个很奇怪甚至可笑的现状。大街上各种无痛人流，男科妇科的广告堂而皇之，相比之前，宣传避孕甚至避孕套的广告少的可怜。好像就再告诉年轻的\r\n小朋友，没关系没关系，你怀孕了，得病了，到医院一躺，不痛无伤害，睡一觉就都没了。难道不应该先是提示并教会孩子们先要学着如何保护自己么？\r\n&lt;/p&gt;\r\n&lt;p&gt;\r\n	还\r\n有，国人对性的态度，的确是越来越开放，这点由性用品行业的火热就可以窥见。但在我看来，这种开放是比较畸形的，并非是思想观念上的转变，而是身体上的开\r\n闸泄洪。很多男女双方对性其实也没有一个正确的认知。尤其是女性在性这方面的羞于表达，缺乏互动等等，很多问题让身为女性的我慢慢有了写两性的想法。然后\r\n就可以动笔写了很多的文章，小说来阐述自己的思考和想法。只不过我的每部小说都是针对社会上现存的一些热点问题去写，比如婚外情，出轨，约炮，甚至换妻\r\n等。其实这些都是现今社会暗藏的问题，只不过是我把它抛出来而已。\r\n&lt;/p&gt;\r\n&lt;p&gt;\r\n	讲个有趣的事情，可能是因为我是女性的关系，小说中情色部门的描写相对细\r\n腻一些，很多读者开玩笑说我的小说可以治愈阳痿。很多读者都是慢慢由我的作品开始认识我熟悉我，然后喜欢我。其实我从来不觉得自己写的是色情，文中的情色\r\n环节，只是我想希望通过对男女在性爱过程中的心理状态，来增强男女在现实生活中的彼此了解，避免很多的误会和不快。做爱这件事情，是人之本能，无需忌讳。\r\n我是想通过文字去坦然的谈论这些话题，能让更多的人去直面这其中的问题，不觉得性是一件拿不上台面的事情。性，当然也有它低俗的部分，但我倡导大家用一种\r\n客观态度去接受并享受它。我后来做社群，包括成立自己的工作室，也是想通过更多的力量和行为，去倡导人们对性的正确认知。\r\n&lt;/p&gt;\r\n&lt;h2&gt;\r\n	都说写作是源自生活而高于生活，你写的这些是源自自身经验还是？\r\n&lt;/h2&gt;\r\n&lt;p&gt;\r\n	我\r\n作品中的情色环节，有来自身的经验，有想象的部分，还有很多都是源自我的粉丝们的真实故事。很多人都觉得我对这方面的描写太过逼真，以为我就跟木子美一\r\n样，有着比较丰富的性经验，其实不是。不过，奇妙的是，这些凭想象杜撰出来的情境，反而在真实生活有发生。之前有写过一边如何利用抱枕来增加性爱情趣的文\r\n章，很多分析后来有去体验，还反馈说效果很赞。包括我后来做的一些音频，也是引导大家利用生活中的一些场景和物件，来增加性爱乃至生活的情趣。这种情趣的\r\n累积会提高性生活的质量，也是身心的一种平衡，这是我的理解。\r\n&lt;/p&gt;\r\n&lt;h2&gt;\r\n	为什么文章是发布在微店里，而不是微信个人公众号？\r\n&lt;/h2&gt;\r\n&lt;p&gt;\r\n	这个得给大家解释下。是因为现实中，还是有部分人认为我写的东西是色情，之前是用微信公众号的，被举报封禁过2次。后来就没用了，就写在微店上，图个清静，比较保险吧\r\n&lt;/p&gt;\r\n&lt;h2&gt;\r\n	感觉读者跟你的互动还是蛮频繁的，有无令你印象深刻的读者？\r\n&lt;/h2&gt;\r\n&lt;p&gt;\r\n	互动确实挺多的。大部分的读者都能提供给我写作的灵感和源泉，印象深刻的是，有一个女孩子，给我讲述她因为好奇心体验3P,群P时候经历的种种，还是很令人心痛的，当时真的想去抱抱她，给她温暖。\r\n&lt;/p&gt;',0,0),(36,181,1,'2016-04-07','阿斯顿',0,0);

/*Table structure for table `mk_note_discuss_like` */

DROP TABLE IF EXISTS `mk_note_discuss_like`;

CREATE TABLE `mk_note_discuss_like` (
  `discusslikeid` int(255) unsigned NOT NULL AUTO_INCREMENT,
  `discussid` int(255) NOT NULL,
  `userid` int(255) NOT NULL,
  `islike` int(1) NOT NULL,
  PRIMARY KEY (`discusslikeid`)
) ENGINE=InnoDB AUTO_INCREMENT=12 DEFAULT CHARSET=utf8;

/*Data for the table `mk_note_discuss_like` */

insert  into `mk_note_discuss_like`(`discusslikeid`,`discussid`,`userid`,`islike`) values (2,3,2,1),(11,28,1,1);

/*Table structure for table `mk_note_share` */

DROP TABLE IF EXISTS `mk_note_share`;

CREATE TABLE `mk_note_share` (
  `shareid` int(255) unsigned NOT NULL AUTO_INCREMENT,
  `noteid` int(255) NOT NULL,
  `userid` int(255) NOT NULL,
  `sharetime` varchar(64) NOT NULL,
  PRIMARY KEY (`shareid`)
) ENGINE=InnoDB AUTO_INCREMENT=180 DEFAULT CHARSET=utf8;

/*Data for the table `mk_note_share` */

insert  into `mk_note_share`(`shareid`,`noteid`,`userid`,`sharetime`) values (3,2,2,'2016-02-04'),(12,6,1,'2016-02-27'),(13,5,1,'2016-02-27'),(14,4,1,'2016-02-27'),(15,13,1,'1987'),(16,14,1,'1987'),(17,15,1,'1987'),(18,16,2,'1987'),(19,17,1,'1996'),(20,18,1,'1995'),(21,19,1,'1995'),(22,20,1,'1995'),(23,21,1,'1995'),(24,22,1,'1995'),(25,23,1,'1995'),(26,24,1,'1995'),(27,25,1,'1995'),(28,26,1,'1995'),(29,27,1,'1995'),(30,28,1,'1995'),(31,29,1,'1995'),(32,30,1,'1995'),(33,31,1,'1995'),(34,32,1,'1995'),(35,33,1,'1995'),(36,34,1,'1995'),(37,35,1,'1995'),(38,36,1,'1995'),(39,37,1,'1995'),(40,38,1,'1995'),(41,39,1,'1995'),(42,40,1,'1995'),(43,41,1,'1995'),(44,42,1,'1995'),(45,43,1,'1995'),(46,44,1,'1995'),(47,45,1,'1995'),(48,46,1,'1995'),(49,47,1,'1995'),(50,48,1,'1995'),(51,49,1,'1995'),(52,50,1,'1993'),(53,51,1,'1993'),(54,52,1,'1993'),(55,53,1,'1993'),(56,54,1,'1993'),(57,55,1,'1993'),(58,56,1,'1993'),(59,57,1,'1993'),(60,58,1,'1993'),(61,59,1,'1993'),(62,61,1,'1993'),(63,62,1,'1993'),(64,63,1,'1993'),(65,64,1,'1993'),(66,65,1,'1993'),(67,66,1,'1993'),(68,67,1,'1993'),(69,68,1,'1993'),(70,69,1,'1993'),(71,70,1,'1993'),(72,71,1,'1993'),(74,73,1,'1993'),(75,74,1,'1993'),(76,75,1,'1993'),(77,76,1,'1992'),(78,77,1,'1992'),(79,78,1,'1992'),(80,72,1,'2016-03-21'),(81,79,1,'1992'),(82,80,1,'1992'),(83,82,1,'1992'),(84,83,1,'1992'),(85,84,1,'1992'),(86,85,1,'1992'),(87,86,1,'1992'),(88,87,1,'1992'),(89,88,1,'1992'),(90,89,1,'1992'),(91,90,1,'1992'),(92,91,1,'1992'),(93,92,1,'1992'),(94,93,1,'1992'),(95,94,1,'1992'),(96,95,1,'1992'),(97,96,1,'1992'),(98,97,1,'1992'),(99,98,1,'1992'),(100,99,1,'1992'),(101,100,1,'1992'),(102,101,1,'1992'),(103,102,1,'1992'),(104,103,1,'1992'),(105,104,1,'1992'),(106,105,1,'1992'),(107,106,1,'1992'),(108,107,1,'1992'),(109,108,1,'1992'),(110,109,1,'1992'),(111,110,1,'1992'),(112,111,1,'1992'),(113,112,1,'1992'),(114,113,1,'1992'),(115,114,1,'1992'),(116,116,1,'1992'),(117,117,1,'1992'),(118,118,1,'1992'),(119,119,1,'1992'),(120,120,1,'1992'),(121,121,1,'1992'),(122,122,1,'1992'),(123,123,1,'1992'),(124,124,1,'1992'),(125,125,1,'1992'),(126,126,1,'1992'),(127,127,1,'1992'),(128,128,1,'1992'),(129,129,1,'1992'),(130,130,1,'1992'),(131,131,1,'1992'),(132,132,1,'1992'),(133,133,1,'1992'),(134,134,1,'1992'),(135,135,1,'1992'),(136,137,1,'1992'),(137,138,1,'1992'),(138,139,1,'1992'),(139,140,1,'1992'),(140,141,1,'1992'),(141,142,1,'1992'),(142,143,1,'1992'),(143,145,1,'1992'),(144,146,1,'1992'),(145,147,1,'1992'),(146,148,1,'1992'),(147,149,1,'1992'),(148,150,1,'1992'),(149,151,1,'1992'),(150,152,1,'1992'),(151,153,1,'1992'),(152,154,1,'1992'),(153,155,1,'1992'),(154,156,1,'1992'),(155,157,1,'1992'),(156,158,1,'1992'),(157,159,1,'1992'),(158,160,1,'1992'),(159,161,1,'1992'),(160,162,1,'1992'),(161,163,1,'1992'),(162,164,1,'1992'),(163,165,1,'1992'),(164,166,1,'1992'),(165,167,1,'1992'),(166,168,1,'1992'),(167,169,1,'1992'),(168,170,1,'1992'),(169,171,1,'1992'),(170,172,1,'1992'),(171,173,1,'1992'),(172,174,1,'1992'),(173,175,1,'1992'),(174,176,1,'1992'),(175,177,1,'1992'),(176,178,1,'1992'),(177,179,1,'1992'),(178,180,1,'1992'),(179,181,1,'1992');

/*Table structure for table `mk_user` */

DROP TABLE IF EXISTS `mk_user`;

CREATE TABLE `mk_user` (
  `userid` int(255) unsigned NOT NULL AUTO_INCREMENT,
  `username` varchar(255) NOT NULL,
  `usernickname` varchar(255) NOT NULL,
  `userpassword` varchar(255) NOT NULL,
  `usersex` varchar(2) NOT NULL DEFAULT '保密',
  `userregtime` varchar(255) NOT NULL DEFAULT '2005-11-11',
  `useremail` varchar(64) NOT NULL,
  `useractive` int(1) NOT NULL DEFAULT '0',
  `userlogo` varchar(64) NOT NULL,
  `userinterest` varchar(255) NOT NULL DEFAULT '暂无',
  `userqq` varchar(255) NOT NULL DEFAULT '暂无',
  `userwechat` varchar(255) NOT NULL DEFAULT '暂无',
  `useraddress` varchar(255) NOT NULL DEFAULT '暂无',
  PRIMARY KEY (`userid`)
) ENGINE=InnoDB AUTO_INCREMENT=10 DEFAULT CHARSET=utf8 CHECKSUM=1 DELAY_KEY_WRITE=1 ROW_FORMAT=DYNAMIC;

/*Data for the table `mk_user` */

insert  into `mk_user`(`userid`,`username`,`usernickname`,`userpassword`,`usersex`,`userregtime`,`useremail`,`useractive`,`userlogo`,`userinterest`,`userqq`,`userwechat`,`useraddress`) values (1,'ptbird','ptbird','e10adc3949ba59abbe56e057f20f883e','男','2005-11-11','ptbird@yeah.nee',1,'ptbird.jpg','吃喝玩乐呗！','592312697','592312697','上海市松江区文汇路不知道多少弄'),(2,'postbird','postbird','e10adc3949ba59abbe56e057f20f883e','男','2005-11-11','ptbird@yeah.net',1,'postbird.jpg','暂无','592312697','592312697','上海市松江区'),(3,'root','root','1bbd886460827015e5d605ed44252251','保密','2016-02-09','asdsadasd',1,'','暂无','暂无','暂无','暂无'),(4,'admin','admin','aa31f1df14648223c7dfb7a869f28731','女','2016-02-28','592312697@qq.com',1,'admin.jpg','暂无11','11111111111','11111111111111','上海'),(5,'Prinny','Prinny','c88c88282413be135b89a473f7c06b81','保密','2016-03-16','prinnyjiang@gmail.com',1,'','暂无','暂无','暂无','暂无'),(6,'wukezhou','wukezhou','e79ddad2fc252649772cdd91feda335f','保密','2016-03-16','mariogonze@sina.com',1,'','暂无','暂无','暂无','暂无'),(9,'lizhanwen','lizhanwen','aa31f1df14648223c7dfb7a869f28731','保密','2016-03-17','li592312697@qq.com',1,'','暂无','暂无','暂无','暂无');

/*Table structure for table `mk_work` */

DROP TABLE IF EXISTS `mk_work`;

CREATE TABLE `mk_work` (
  `workid` int(255) unsigned NOT NULL AUTO_INCREMENT,
  `workname` varchar(255) NOT NULL,
  `worktime` int(255) NOT NULL,
  `workother` varchar(256) NOT NULL,
  `userid` int(255) NOT NULL,
  `worklevel` int(1) NOT NULL DEFAULT '1',
  PRIMARY KEY (`workid`)
) ENGINE=InnoDB AUTO_INCREMENT=26 DEFAULT CHARSET=utf8;

/*Data for the table `mk_work` */

insert  into `mk_work`(`workid`,`workname`,`worktime`,`workother`,`userid`,`worklevel`) values (1,'吃饭',1456761600,'要吃饭啊！！！！！！！！！',1,1),(2,'拿书',1456761600,'去外贸拿书本！',1,2),(3,'看电影',1456761600,'看书',1,3),(4,'3月2测试',1456848000,'暂时写点东西',1,1),(5,'测试',1456761600,'测试',1,1),(6,'测试',1456761600,'1456761600',1,1),(7,'1456761600',1456761600,'1456761600',1,1),(8,'1456761600',1456761600,'1456761600',1,1),(9,'34测试1',1457020800,'14570208001',1,2),(10,'34测试2',1457020800,'14570208002',1,3),(11,'35策士1',1457107200,'14571072003',1,1),(12,'35策士2',1457107200,'14571072004',1,1),(13,'3333333',1456934400,'暂无其他',1,1),(14,'asd',1457366400,'asd',1,1),(16,'asd',1457366400,'asd',1,1),(17,'asd',1457366400,'asd',1,1),(18,'吃饭上',1457452800,'阿斯顿',1,3),(20,'测试',1458230400,'暂无其他',1,3),(21,'阿斯顿',1458057600,'暂无其他',1,3),(22,'1458057600',1458057600,'1458057600',1,1),(23,'1458057600',1458057600,'1458057600',1,1),(24,'1458057600',1458057600,'1458057600',1,1),(25,'上海应用',1460736000,'暂无其他',1,1);

/*!40101 SET SQL_MODE=@OLD_SQL_MODE */;
/*!40014 SET FOREIGN_KEY_CHECKS=@OLD_FOREIGN_KEY_CHECKS */;
/*!40014 SET UNIQUE_CHECKS=@OLD_UNIQUE_CHECKS */;
/*!40111 SET SQL_NOTES=@OLD_SQL_NOTES */;
